Time;Natural ventilation, Roof, Zone 31 - Rm. 3-2, South Office, CO2
06-24-2018 20:14:58;520.960021972656
06-28-2018 10:32:29;572.799987792969
07-02-2018 17:25:59;630.719970703125
07-02-2018 18:56:03;572.799987792969
07-03-2018 13:47:48;630.719970703125
07-04-2018 08:43:36;576.960021972656
07-05-2018 12:49:44;636.799987792969
07-05-2018 13:09:45;582.719970703125
07-05-2018 20:08:02;572.799987792969
07-06-2018 09:38:13;596.799987792969
07-06-2018 09:44:15;596.799987792969
07-06-2018 11:40:39;544.960021972656
07-09-2018 07:38:10;618.880004882813
07-09-2018 08:23:11;674.559997558594
07-09-2018 08:48:12;730.880004882813
07-09-2018 09:48:15;668.799987792969
07-09-2018 10:13:15;730.880004882813
07-09-2018 11:11:48;674.559997558594
07-09-2018 11:21:48;610.880004882813
07-09-2018 13:11:52;552.960021972656
07-09-2018 13:56:54;620.799987792969
07-09-2018 13:57:39;672.640014648438
07-09-2018 14:22:39;604.799987792969
07-09-2018 14:42:40;550.719970703125
07-10-2018 07:14:29;606.719970703125
07-10-2018 11:49:39;552.960021972656
07-10-2018 12:22:16;608.960021972656
07-10-2018 12:31:01;682.880004882813
07-10-2018 12:58:29;586.880004882813
07-10-2018 16:10:16;642.880004882813
07-10-2018 16:25:17;582.719970703125
07-10-2018 17:16:20;680.960021972656
07-10-2018 17:23:16;756.47998046875
07-10-2018 17:33:16;704.640014648438
07-10-2018 18:01:22;618.880004882813
07-10-2018 18:22:26;670.719970703125
07-10-2018 18:57:27;612.799987792969
07-10-2018 19:11:48;664.960021972656
07-10-2018 19:35:35;718.719970703125
07-10-2018 19:55:36;662.400024414063
07-10-2018 20:25:37;604.799987792969
07-11-2018 03:25:52;552.960021972656
07-12-2018 09:32:07;526.719970703125
07-12-2018 10:14:22;524.799987792969
07-12-2018 21:57:14;586.880004882813
07-13-2018 04:47:29;534.719970703125
07-15-2018 12:59:38;598.719970703125
07-17-2018 16:16:51;650.880004882813
07-17-2018 21:27:04;598.719970703125
07-19-2018 09:13:35;546.880004882813
07-19-2018 15:22:48;626.880004882813
07-19-2018 16:22:50;568.960021972656
07-23-2018 23:07:03;624.960021972656
07-25-2018 04:03:28;574.719970703125
07-25-2018 11:14:57;654.719970703125
07-25-2018 11:15:28;762.880004882813
07-25-2018 11:16:19;868.47998046875
07-25-2018 11:16:34;924.799987792969
07-25-2018 11:16:46;984.960021972656
07-25-2018 11:16:55;1042.56005859375
07-25-2018 11:17:40;1096.9599609375
07-25-2018 11:19:33;1196.80004882813
07-25-2018 11:19:43;1248.64001464844
07-25-2018 11:19:54;1312
07-25-2018 11:20:12;1364.47998046875
07-25-2018 11:20:46;1310.71997070313
07-25-2018 11:22:47;1210.88000488281
07-25-2018 11:23:13;1158.40002441406
07-25-2018 11:23:50;1106.56005859375
07-25-2018 11:25:42;1006.71997070313
07-25-2018 11:33:26;1064.9599609375
07-25-2018 11:37:13;1014.40002441406
07-25-2018 11:39:20;914.559997558594
07-25-2018 11:43:19;814.719970703125
07-25-2018 11:47:40;714.880004882813
07-25-2018 11:57:40;646.719970703125
07-26-2018 00:58:18;594.880004882813
07-26-2018 12:07:06;686.719970703125
07-26-2018 12:52:08;632.960021972656
07-26-2018 16:57:23;690.559997558594
07-26-2018 20:57:35;638.719970703125
07-27-2018 11:28:18;698.880004882813
07-27-2018 12:48:22;768.640014648438
07-27-2018 12:58:22;822.400024414063
07-27-2018 13:08:23;902.400024414063
07-27-2018 13:18:23;960.640014648438
07-27-2018 13:27:44;880.640014648438
07-27-2018 13:52:45;828.799987792969
07-27-2018 14:17:46;764.799987792969
07-27-2018 16:37:54;712.960021972656
07-27-2018 17:27:57;662.400024414063
07-27-2018 19:03:02;608.960021972656
07-29-2018 21:45:39;558.719970703125
07-30-2018 10:06:16;610.880004882813
08-02-2018 14:13:02;624.960021972656
08-05-2018 23:04:16;676.47998046875
08-06-2018 05:04:34;624.960021972656
08-08-2018 06:37:09;676.47998046875
08-08-2018 12:37:27;624.960021972656
08-09-2018 10:33:35;676.47998046875
08-09-2018 12:13:40;728.960021972656
08-09-2018 13:48:46;678.400024414063
08-09-2018 14:43:49;742.400024414063
08-09-2018 18:03:59;684.799987792969
08-09-2018 19:34:04;632.960021972656
08-09-2018 20:30:54;734.719970703125
08-09-2018 20:45:54;670.719970703125
08-09-2018 21:20:56;724.47998046875
08-09-2018 21:35:56;802.559997558594
08-09-2018 22:10:58;750.719970703125
08-09-2018 22:56:00;692.47998046875
08-10-2018 00:41:05;638.719970703125
08-11-2018 00:02:17;690.559997558594
08-11-2018 03:52:29;638.719970703125
08-11-2018 09:07:44;692.47998046875
08-11-2018 10:07:47;640.960021972656
08-11-2018 11:02:50;696.960021972656
08-11-2018 13:12:56;642.880004882813
08-12-2018 01:23:32;590.719970703125
08-12-2018 18:59:23;642.880004882813
08-14-2018 11:21:17;698.880004882813
08-15-2018 13:07:42;644.799987792969
08-16-2018 08:03:41;708.47998046875
08-16-2018 08:13:42;774.400024414063
08-16-2018 08:58:44;712.960021972656
08-16-2018 09:43:47;660.47998046875
08-17-2018 00:04:37;714.880004882813
08-17-2018 04:24:51;662.400024414063
08-20-2018 03:13:27;610.880004882813
08-20-2018 12:58:53;668.799987792969
08-20-2018 15:34:00;726.400024414063
08-20-2018 19:14:10;674.559997558594
08-21-2018 14:05:04;622.719970703125
08-22-2018 22:56:27;676.47998046875
08-23-2018 03:21:38;624.960021972656
08-23-2018 17:53:18;704.640014648438
08-23-2018 18:18:18;648.960021972656
08-23-2018 19:03:20;594.880004882813
08-24-2018 05:03:04;614.719970703125
08-27-2018 08:18:17;616.960021972656
08-27-2018 09:57:40;614.719970703125
08-27-2018 18:22:31;668.799987792969
08-28-2018 09:12:24;734.719970703125
08-28-2018 09:12:34;790.400024414063
08-28-2018 09:12:46;852.47998046875
08-28-2018 09:18:22;934.400024414063
08-28-2018 09:27:30;1032.9599609375
08-28-2018 09:38:50;982.400024414063
08-28-2018 09:46:05;896.640014648438
08-28-2018 10:02:14;976.640014648438
08-28-2018 10:03:24;1028.47998046875
08-28-2018 10:04:50;1080.9599609375
08-28-2018 10:07:27;1182.71997070313
08-28-2018 10:12:35;1126.40002441406
08-28-2018 10:13:21;1074.56005859375
08-28-2018 10:15:34;974.719970703125
08-28-2018 10:17:42;874.880004882813
08-28-2018 10:24:15;776.960021972656
08-28-2018 10:34:03;874.880004882813
08-28-2018 10:51:58;806.400024414063
08-28-2018 11:01:58;740.47998046875
08-28-2018 11:15:08;688.640014648438
08-28-2018 11:32:00;744.960021972656
08-28-2018 11:42:00;800.640014648438
08-28-2018 11:52:01;722.559997558594
08-28-2018 12:37:03;670.719970703125
08-28-2018 13:27:06;722.559997558594
08-28-2018 14:17:08;666.880004882813
08-28-2018 14:58:47;720.640014648438
08-28-2018 15:15:40;666.880004882813
08-28-2018 15:32:24;722.559997558594
08-28-2018 15:32:46;774.400024414063
08-28-2018 15:33:40;824.960021972656
08-28-2018 15:38:19;774.400024414063
08-28-2018 15:45:56;678.400024414063
08-29-2018 08:45:15;708.47998046875
08-29-2018 17:22:19;656.640014648438
08-30-2018 06:48:06;708.47998046875
08-30-2018 07:50:55;782.719970703125
08-30-2018 07:54:02;882.559997558594
08-30-2018 08:00:51;782.719970703125
08-30-2018 08:45:53;730.880004882813
08-30-2018 10:05:58;678.400024414063
08-30-2018 11:26:02;754.559997558594
08-30-2018 11:51:02;700.799987792969
08-30-2018 14:33:41;674.559997558594
08-31-2018 00:51:43;622.719970703125
08-31-2018 17:37:33;676.47998046875
08-31-2018 19:17:38;624.960021972656
09-03-2018 12:35:36;678.400024414063
09-04-2018 22:52:23;730.880004882813
09-05-2018 03:22:38;682.880004882813
09-05-2018 03:24:34;682.880004882813
09-06-2018 13:06:30;740.47998046875
09-06-2018 13:31:31;684.799987792969
09-07-2018 03:14:31;676.47998046875
09-07-2018 04:09:27;656.640014648438
09-07-2018 09:17:29;604.799987792969
09-07-2018 23:53:06;658.559997558594
09-08-2018 10:13:30;606.719970703125
09-10-2018 03:01:50;598.719970703125
09-10-2018 03:21:55;596.799987792969
09-10-2018 03:40:11;592.960021972656
09-10-2018 10:35:12;644.799987792969
09-10-2018 12:15:16;696.960021972656
09-10-2018 16:02:22;782.719970703125
09-10-2018 16:02:42;836.47998046875
09-10-2018 17:13:18;784.640014648438
09-10-2018 18:13:20;730.880004882813
09-10-2018 19:43:23;676.47998046875
09-10-2018 21:28:27;624.960021972656
09-11-2018 10:13:54;678.400024414063
09-11-2018 11:23:57;728.960021972656
09-11-2018 13:19:01;674.559997558594
09-11-2018 13:34:02;728.960021972656
09-11-2018 16:19:08;676.47998046875
09-12-2018 06:39:47;730.880004882813
09-12-2018 13:35:06;678.400024414063
09-12-2018 15:25:10;734.719970703125
09-12-2018 16:00:12;786.559997558594
09-12-2018 18:50:19;730.880004882813
09-12-2018 21:13:14;806.400024414063
09-12-2018 22:38:17;750.719970703125
09-12-2018 22:58:18;696.960021972656
09-13-2018 10:23:47;646.719970703125
09-13-2018 18:09:07;718.719970703125
09-13-2018 19:19:10;662.400024414063
09-13-2018 23:59:22;712.960021972656
09-14-2018 00:09:23;766.719970703125
09-14-2018 00:49:25;714.880004882813
09-14-2018 12:04:53;662.400024414063
09-15-2018 02:30:32;716.799987792969
09-15-2018 05:30:40;664.960021972656
09-16-2018 18:07:22;720.640014648438
09-16-2018 19:02:24;772.47998046875
09-16-2018 22:27:35;718.719970703125
09-17-2018 05:02:54;666.880004882813
09-17-2018 11:48:12;718.719970703125
09-17-2018 11:54:34;818.559997558594
09-17-2018 12:03:18;872.960021972656
09-17-2018 12:16:08;964.47998046875
09-17-2018 12:25:07;1018.88000488281
09-17-2018 12:28:36;918.400024414063
09-17-2018 12:30:34;818.559997558594
09-17-2018 12:34:42;718.719970703125
09-17-2018 12:44:42;662.400024414063
09-17-2018 16:04:51;712.960021972656
09-17-2018 16:14:10;802.559997558594
09-17-2018 16:24:08;886.400024414063
09-17-2018 16:26:30;936.960021972656
09-17-2018 16:34:34;1034.88000488281
09-17-2018 16:43:40;940.799987792969
09-17-2018 16:47:00;840.960021972656
09-17-2018 16:49:49;790.400024414063
09-17-2018 16:59:16;730.880004882813
09-17-2018 19:49:24;678.400024414063
09-18-2018 07:29:55;732.799987792969
09-18-2018 14:08:40;726.400024414063
09-18-2018 16:03:46;784.640014648438
09-18-2018 16:13:34;832.640014648438
09-18-2018 16:53:48;732.799987792969
09-18-2018 17:28:36;776.960021972656
09-19-2018 00:04:07;792.960021972656
09-19-2018 01:24:11;740.47998046875
09-19-2018 03:39:16;684.799987792969
09-19-2018 11:04:34;742.400024414063
09-19-2018 13:59:41;684.799987792969
09-19-2018 19:34:55;632.960021972656
09-20-2018 11:50:28;740.47998046875
09-20-2018 13:45:32;682.880004882813
09-20-2018 14:15:24;688.640014648438
09-20-2018 19:18:49;626.880004882813
09-21-2018 07:39:14;678.400024414063
09-21-2018 12:54:25;626.880004882813
09-23-2018 12:01:07;574.719970703125
09-23-2018 23:16:28;624.960021972656
09-24-2018 11:51:54;684.799987792969
09-24-2018 13:06:56;632.960021972656
09-24-2018 15:37:01;686.719970703125
09-24-2018 16:57:03;630.719970703125
09-24-2018 21:37:12;578.880004882813
09-25-2018 10:22:34;630.719970703125
09-25-2018 11:12:35;686.719970703125
09-25-2018 16:57:45;632.960021972656
09-26-2018 07:03:14;686.719970703125
09-26-2018 11:15:11;768.640014648438
09-26-2018 11:23:06;822.400024414063
09-26-2018 11:33:06;758.400024414063
09-26-2018 11:48:07;706.559997558594
09-27-2018 07:04:00;654.719970703125
09-27-2018 16:24:27;710.400024414063
09-27-2018 18:07:55;798.719970703125
09-27-2018 18:08:52;900.47998046875
09-27-2018 18:09:52;952.960021972656
09-27-2018 18:12:48;1052.80004882813
09-27-2018 18:22:36;1122.56005859375
09-27-2018 18:28:07;1022.71997070313
09-27-2018 18:51:29;926.719970703125
09-27-2018 19:01:20;830.719970703125
09-27-2018 19:16:20;774.400024414063
09-27-2018 21:31:26;710.400024414063
09-28-2018 10:56:59;762.880004882813
09-28-2018 12:42:03;816.640014648438
09-28-2018 13:02:04;870.400024414063
09-28-2018 14:47:08;818.559997558594
09-28-2018 17:22:14;764.799987792969
09-28-2018 20:42:21;706.559997558594
09-29-2018 04:17:38;654.719970703125
09-29-2018 12:12:54;596.799987792969
09-29-2018 20:53:14;650.880004882813
09-30-2018 12:33:49;590.719970703125
09-30-2018 20:09:06;642.880004882813
10-01-2018 10:39:36;696.960021972656
10-01-2018 11:09:37;762.880004882813
10-01-2018 12:46:47;858.880004882813
10-01-2018 12:47:42;960.640014648438
10-01-2018 12:48:08;1014.40002441406
10-01-2018 12:48:48;1066.88000488281
10-01-2018 12:49:33;1118.71997070313
10-01-2018 12:50:40;1170.56005859375
10-01-2018 13:03:29;1114.88000488281
10-01-2018 13:08:14;1550.07995605469
10-01-2018 13:08:44;1498.88000488281
10-01-2018 13:09:22;1446.40002441406
10-01-2018 13:10:08;1393.92004394531
10-16-2018 18:09:00;902.400024414063
10-16-2018 18:59:01;850.559997558594
10-16-2018 19:29:02;796.799987792969
10-16-2018 20:44:05;744.960021972656
10-16-2018 22:39:08;690.559997558594
10-16-2018 22:51:19;954.880004882813
10-17-2018 07:04:14;638.719970703125
10-17-2018 16:35:00;716.799987792969
10-17-2018 16:40:21;816.640014648438
10-17-2018 17:05:21;900.47998046875
10-17-2018 17:20:22;844.799987792969
10-17-2018 18:00:23;792.960021972656
10-17-2018 18:25:24;736.640014648438
10-17-2018 19:40:26;684.799987792969
10-17-2018 22:00:29;632.960021972656
10-18-2018 06:20:40;580.799987792969
10-18-2018 12:20:49;632.960021972656
10-22-2018 14:18:25;1148.80004882813
10-22-2018 14:21:44;1094.40002441406
10-22-2018 14:51:44;1040.64001464844
10-22-2018 15:58:39;1120.64001464844
10-22-2018 16:31:24;1208.9599609375
10-22-2018 17:26:26;1158.40002441406
10-22-2018 17:51:26;1096.9599609375
10-22-2018 18:16:27;1038.71997070313
10-22-2018 18:41:28;986.880004882813
10-22-2018 19:16:29;934.400024414063
10-22-2018 19:56:30;882.559997558594
10-22-2018 21:01:32;830.719970703125
10-22-2018 22:21:33;778.880004882813
10-22-2018 23:51:36;724.47998046875
10-23-2018 10:46:54;778.880004882813
10-23-2018 11:16:55;832.640014648438
10-23-2018 11:51:56;886.400024414063
10-23-2018 12:31:57;830.719970703125
10-23-2018 13:06:57;884.47998046875
10-23-2018 14:52:00;946.559997558594
10-23-2018 15:02:01;998.400024414063
10-23-2018 15:12:01;1078.40002441406
10-23-2018 15:22:01;1136.64001464844
10-23-2018 15:37:02;1210.88000488281
10-23-2018 15:40:27;1310.71997070313
10-23-2018 15:45:12;1410.56005859375
10-23-2018 16:35:12;1354.23999023438
10-23-2018 16:45:59;1410.56005859375
10-23-2018 17:05:59;1336.31994628906
10-23-2018 17:15:59;1264.64001464844
10-23-2018 17:26:00;1198.71997070313
10-23-2018 17:36:00;1144.9599609375
10-23-2018 17:51:01;1086.71997070313
10-23-2018 18:06:01;1024.64001464844
10-23-2018 18:31:02;966.400024414063
10-23-2018 19:16:03;908.799987792969
10-23-2018 19:46:04;848.640014648438
10-23-2018 20:56:06;796.799987792969
10-23-2018 23:06:10;744.960021972656
10-24-2018 01:31:14;690.559997558594
10-24-2018 11:56:36;752.640014648438
10-24-2018 12:26:37;806.400024414063
10-24-2018 20:31:43;856.960021972656
10-24-2018 21:31:46;908.799987792969
10-24-2018 22:11:47;966.400024414063
10-24-2018 22:51:58;748.799987792969
10-24-2018 23:21:49;912.640014648438
10-24-2018 23:56:51;854.400024414063
10-25-2018 00:46:53;802.559997558594
10-25-2018 00:57:03;696.960021972656
10-25-2018 05:57:12;646.719970703125
10-25-2018 09:07:17;698.880004882813
10-25-2018 11:12:20;750.719970703125
10-25-2018 15:12:27;858.880004882813
10-25-2018 15:57:29;924.799987792969
10-25-2018 17:07:31;976.640014648438
10-25-2018 17:27:23;804.47998046875
10-25-2018 18:27:34;916.47998046875
10-25-2018 19:02:35;864.640014648438
10-25-2018 19:32:36;810.880004882813
10-25-2018 20:12:37;754.559997558594
10-25-2018 21:27:39;700.799987792969
10-26-2018 07:22:48;644.799987792969
10-26-2018 14:02:24;758.400024414063
10-26-2018 14:27:25;810.880004882813
10-26-2018 15:07:26;864.640014648438
10-26-2018 15:42:26;698.880004882813
10-26-2018 15:47:27;932.47998046875
10-26-2018 15:49:45;984.960021972656
10-26-2018 15:56:36;1072.64001464844
10-26-2018 17:41:39;1020.79998779297
10-26-2018 18:21:40;964.47998046875
10-26-2018 18:56:41;912.640014648438
10-26-2018 19:21:42;856.960021972656
10-26-2018 20:26:43;804.47998046875
10-26-2018 22:21:46;750.719970703125
10-27-2018 01:16:51;698.880004882813
10-27-2018 06:01:58;646.719970703125
10-27-2018 11:57:08;588.799987792969
10-29-2018 06:23:28;640.960021972656
10-30-2018 13:29:28;744.960021972656
10-30-2018 15:49:22;692.47998046875
10-30-2018 18:44:39;690.559997558594
10-30-2018 22:54:46;638.719970703125
10-31-2018 03:34:54;690.559997558594
10-31-2018 09:00:24;792.960021972656
10-31-2018 09:00:54;846.719970703125
10-31-2018 09:06:49;898.559997558594
10-31-2018 10:01:51;840.960021972656
10-31-2018 10:16:51;898.559997558594
10-31-2018 10:23:45;998.400024414063
10-31-2018 11:40:35;888.960021972656
10-31-2018 14:15:41;944.640014648438
10-31-2018 15:27:24;1096.9599609375
10-31-2018 15:27:33;1242.88000488281
10-31-2018 15:27:43;1322.23999023438
10-31-2018 15:29:49;1270.40002441406
10-31-2018 15:32:23;1170.56005859375
10-31-2018 15:41:08;1092.47998046875
10-31-2018 15:50:34;1010.55999755859
10-31-2018 16:05:44;888.960021972656
10-31-2018 16:10:35;944.640014648438
10-31-2018 17:25:48;812.799987792969
10-31-2018 18:00:49;754.559997558594
10-31-2018 20:10:54;702.719970703125
10-31-2018 22:00:58;650.880004882813
11-01-2018 04:26:11;598.719970703125
11-01-2018 09:16:21;670.719970703125
11-01-2018 09:20:39;770.559997558594
11-01-2018 09:25:45;870.400024414063
11-01-2018 09:35:45;920.960021972656
11-01-2018 09:50:46;864.640014648438
11-01-2018 10:10:47;810.880004882813
11-01-2018 15:40:59;862.719970703125
11-01-2018 20:26:08;810.880004882813
11-01-2018 21:46:11;754.559997558594
11-01-2018 23:36:15;702.719970703125
11-02-2018 08:01:22;650.880004882813
11-02-2018 12:26:41;598.719970703125
11-02-2018 17:51:52;648.960021972656
11-03-2018 01:27:06;598.719970703125
11-04-2018 20:53:28;648.960021972656
11-06-2018 08:59:29;596.799987792969
11-06-2018 16:24:49;648.960021972656
11-07-2018 07:20:07;598.719970703125
11-07-2018 07:40:17;652.799987792969
11-07-2018 12:05:25;758.400024414063
11-07-2018 12:35:26;810.880004882813
11-07-2018 14:40:29;862.719970703125
11-07-2018 15:25:31;916.47998046875
11-07-2018 15:45:23;704.640014648438
11-07-2018 17:00:34;860.799987792969
11-07-2018 17:35:35;808.960021972656
11-07-2018 18:50:37;756.47998046875
11-07-2018 21:50:42;704.640014648438
11-08-2018 00:20:47;650.880004882813
11-08-2018 11:11:03;704.640014648438
11-08-2018 11:51:03;756.47998046875
11-08-2018 14:16:07;808.960021972656
11-08-2018 14:31:07;746.880004882813
11-08-2018 16:03:31;828.799987792969
11-08-2018 16:13:31;764.799987792969
11-08-2018 17:08:32;828.799987792969
11-08-2018 17:53:33;774.400024414063
11-08-2018 20:13:37;720.640014648438
11-09-2018 08:33:50;668.799987792969
11-09-2018 09:03:59;726.400024414063
11-09-2018 09:05:13;776.960021972656
11-09-2018 10:35:16;834.559997558594
11-09-2018 11:25:17;904.960021972656
11-09-2018 14:05:22;850.559997558594
11-09-2018 15:40:26;940.799987792969
11-09-2018 15:46:35;1040.64001464844
11-09-2018 15:51:26;1140.47998046875
11-09-2018 16:01:23;1080.9599609375
11-09-2018 16:11:23;1016.96002197266
11-09-2018 16:51:24;958.719970703125
11-09-2018 17:41:26;904.960021972656
11-09-2018 18:11:27;832.640014648438
11-09-2018 18:56:28;780.799987792969
11-09-2018 20:26:31;728.960021972656
11-09-2018 23:01:36;676.47998046875
11-10-2018 15:27:08;624.960021972656
11-10-2018 17:47:12;676.47998046875
11-11-2018 08:52:39;624.960021972656
11-12-2018 07:58:26;688.640014648438
11-12-2018 08:11:45;786.559997558594
11-12-2018 08:21:45;842.880004882813
11-12-2018 09:01:46;898.559997558594
11-12-2018 11:03:22;1022.71997070313
11-12-2018 14:28:28;1078.40002441406
11-12-2018 14:43:29;1162.88000488281
11-12-2018 14:46:26;1262.71997070313
11-12-2018 14:46:48;958.719970703125
11-12-2018 14:47:40;1314.56005859375
11-12-2018 14:50:44;1414.40002441406
11-12-2018 14:58:35;1500.16003417969
11-12-2018 15:00:47;1556.47998046875
11-12-2018 15:02:21;1656.31994628906
11-12-2018 15:06:11;1758.71997070313
11-12-2018 15:08:36;1858.56005859375
11-12-2018 15:15:48;1044.47998046875
11-12-2018 15:30:48;1104.64001464844
11-12-2018 15:31:10;1798.40002441406
11-12-2018 15:59:21;1722.88000488281
11-12-2018 16:04:39;1621.76000976563
11-12-2018 16:07:49;1521.92004394531
11-12-2018 16:12:56;1422.07995605469
11-12-2018 16:22:31;1326.07995605469
11-12-2018 16:32:31;1256.9599609375
11-12-2018 16:42:32;1206.40002441406
11-12-2018 16:57:32;1134.71997070313
11-12-2018 17:07:01;1066.88000488281
11-12-2018 17:17:01;1014.40002441406
11-12-2018 17:37:02;958.719970703125
11-12-2018 18:02:02;900.47998046875
11-12-2018 18:27:03;844.799987792969
11-12-2018 19:02:04;784.640014648438
11-13-2018 07:27:18;728.960021972656
11-13-2018 08:37:20;674.559997558594
11-13-2018 10:17:32;754.559997558594
11-13-2018 10:27:32;844.799987792969
11-13-2018 10:37:33;910.719970703125
11-13-2018 10:47:33;970.880004882813
11-13-2018 10:57:33;1036.80004882813
11-13-2018 11:07:34;1098.88000488281
11-13-2018 11:21:11;1036.80004882813
11-13-2018 11:31:11;942.719970703125
11-13-2018 11:41:11;876.799987792969
11-13-2018 12:31:13;824.960021972656
11-13-2018 16:11:19;888.960021972656
11-13-2018 17:36:21;830.719970703125
11-13-2018 18:21:23;772.47998046875
11-13-2018 19:16:25;718.719970703125
11-13-2018 21:41:28;664.960021972656
11-14-2018 07:31:37;612.799987792969
11-14-2018 11:21:53;722.559997558594
11-14-2018 11:51:54;796.799987792969
11-14-2018 12:01:54;736.640014648438
11-14-2018 12:21:55;790.400024414063
11-14-2018 12:31:20;722.559997558594
11-14-2018 12:51:21;664.960021972656
11-14-2018 13:05:46;750.719970703125
11-14-2018 14:56:50;666.880004882813
11-14-2018 15:10:50;804.47998046875
11-14-2018 15:20:50;866.559997558594
11-14-2018 15:55:51;926.719970703125
11-14-2018 16:23:39;868.47998046875
11-14-2018 16:33:38;798.719970703125
11-14-2018 16:39:36;898.559997558594
11-14-2018 16:45:06;998.400024414063
11-14-2018 17:08:40;928.640014648438
11-14-2018 17:43:41;876.799987792969
11-14-2018 18:03:42;818.559997558594
11-14-2018 18:33:43;760.960021972656
11-14-2018 19:53:45;702.719970703125
11-14-2018 23:28:52;650.880004882813
11-15-2018 11:02:13;1062.40002441406
11-15-2018 11:02:28;1114.88000488281
11-15-2018 11:04:53;1062.40002441406
11-15-2018 11:06:57;962.559997558594
11-15-2018 11:13:34;866.559997558594
11-15-2018 11:25:27;962.559997558594
11-15-2018 11:50:27;904.960021972656
11-15-2018 13:05:29;960.640014648438
11-15-2018 13:20:30;1030.40002441406
11-15-2018 13:40:31;1120.64001464844
11-15-2018 13:55:31;1174.40002441406
11-15-2018 14:40:33;1122.56005859375
11-15-2018 15:30:45;740.47998046875
11-15-2018 15:35:03;840.960021972656
11-15-2018 15:36:03;892.799987792969
11-15-2018 15:40:35;1070.71997070313
11-15-2018 15:42:33;952.960021972656
11-15-2018 17:05:38;982.400024414063
11-15-2018 17:45:39;930.559997558594
11-15-2018 18:05:40;876.799987792969
11-15-2018 18:40:41;820.47998046875
11-15-2018 20:20:44;768.640014648438
11-15-2018 23:10:50;716.799987792969
11-16-2018 01:30:55;662.400024414063
11-16-2018 09:16:10;712.960021972656
11-16-2018 11:51:15;818.559997558594
11-16-2018 12:09:28;1034.88000488281
11-16-2018 12:15:36;956.799987792969
11-16-2018 12:40:37;898.559997558594
11-16-2018 12:55:38;832.640014648438
11-16-2018 13:10:38;780.799987792969
11-16-2018 14:10:40;836.47998046875
11-16-2018 14:25:40;892.799987792969
11-16-2018 14:55:41;816.640014648438
11-16-2018 15:21:12;764.799987792969
11-16-2018 17:25:23;878.719970703125
11-16-2018 17:35:23;936.960021972656
11-16-2018 18:10:24;886.400024414063
11-16-2018 18:55:25;834.559997558594
11-16-2018 19:10:25;774.400024414063
11-16-2018 20:10:27;722.559997558594
11-16-2018 23:00:32;668.799987792969
11-17-2018 07:45:47;616.960021972656
11-18-2018 03:51:15;566.719970703125
11-18-2018 18:16:34;618.880004882813
11-19-2018 07:21:45;564.799987792969
11-19-2018 09:11:55;616.960021972656
11-19-2018 13:22:00;670.719970703125
11-20-2018 15:02:40;722.559997558594
11-20-2018 15:17:40;774.400024414063
11-20-2018 15:35:12;832.640014648438
11-20-2018 15:40:30;934.400024414063
11-20-2018 15:50:17;864.640014648438
11-20-2018 16:45:19;808.960021972656
11-20-2018 17:30:20;742.400024414063
11-20-2018 18:25:22;684.799987792969
11-20-2018 22:20:27;632.960021972656
11-21-2018 09:00:44;684.799987792969
11-21-2018 14:35:53;632.960021972656
11-23-2018 15:07:14;580.799987792969
11-23-2018 21:07:25;632.960021972656
11-25-2018 09:03:23;582.719970703125
11-26-2018 00:28:49;632.960021972656
11-27-2018 05:34:40;582.719970703125
11-27-2018 12:21:14;730.880004882813
11-27-2018 12:33:45;818.559997558594
11-27-2018 12:41:35;876.799987792969
11-27-2018 12:56:35;822.400024414063
11-27-2018 13:26:36;764.799987792969
11-27-2018 15:16:40;698.880004882813
11-27-2018 15:19:50;632.960021972656
11-27-2018 16:26:42;640.960021972656
11-27-2018 17:06:44;692.47998046875
11-27-2018 18:21:47;640.960021972656
11-27-2018 22:36:55;590.719970703125
11-27-2018 23:31:56;646.719970703125
11-28-2018 08:12:02;594.880004882813
11-28-2018 10:37:15;646.719970703125
11-28-2018 12:37:18;698.880004882813
11-28-2018 15:37:24;644.799987792969
11-28-2018 21:07:33;590.719970703125
11-29-2018 07:59:27;690.559997558594
11-29-2018 08:00:40;742.400024414063
11-29-2018 08:02:02;792.960021972656
11-29-2018 08:07:05;892.799987792969
11-29-2018 08:27:05;824.960021972656
11-29-2018 08:37:38;924.799987792969
11-29-2018 08:41:34;1030.40002441406
11-29-2018 08:42:04;1080.9599609375
11-29-2018 08:43:01;1132.80004882813
11-29-2018 08:43:22;1186.56005859375
11-29-2018 08:44:12;1244.80004882813
11-29-2018 08:44:29;1302.40002441406
11-29-2018 08:48:19;1202.56005859375
11-29-2018 08:52:34;1260.80004882813
11-29-2018 08:55:09;1314.56005859375
11-29-2018 08:59:30;1411.83996582031
11-29-2018 08:59:40;1518.07995605469
11-29-2018 08:59:50;1630.71997070313
11-29-2018 09:00:00;1736.9599609375
11-29-2018 09:00:10;1792
11-29-2018 09:01:52;1692.16003417969
11-29-2018 09:02:07;1640.9599609375
11-29-2018 09:02:25;1585.92004394531
11-29-2018 09:02:43;1534.71997070313
11-29-2018 09:03:38;1434.88000488281
11-29-2018 09:04:08;1379.83996582031
11-29-2018 09:04:39;1326.07995605469
11-29-2018 09:05:11;1274.88000488281
11-29-2018 09:06:40;1174.40002441406
11-29-2018 09:10:38;1074.56005859375
11-29-2018 09:17:39;974.719970703125
11-29-2018 10:04:55;974.719970703125
11-29-2018 10:10:28;874.880004882813
11-29-2018 10:19:30;780.799987792969
11-29-2018 10:44:31;724.47998046875
11-29-2018 14:32:39;916.47998046875
11-29-2018 14:39:22;968.960021972656
11-29-2018 14:43:22;1020.79998779297
11-29-2018 14:43:34;1082.88000488281
11-29-2018 14:43:43;1136.64001464844
11-29-2018 14:43:58;1192.9599609375
11-29-2018 14:47:19;1142.40002441406
11-29-2018 14:54:38;776.960021972656
11-29-2018 14:58:55;1074.56005859375
11-29-2018 15:59:40;850.559997558594
11-29-2018 17:59:43;794.880004882813
11-29-2018 19:14:45;742.400024414063
11-29-2018 19:54:47;690.559997558594
11-30-2018 07:24:57;638.719970703125
11-30-2018 11:34:52;732.799987792969
11-30-2018 11:43:49;800.640014648438
11-30-2018 11:58:34;890.880004882813
11-30-2018 12:08:33;960.640014648438
11-30-2018 12:21:59;1014.40002441406
11-30-2018 12:24:34;1064.9599609375
11-30-2018 12:26:35;1164.80004882813
11-30-2018 12:32:47;1064.9599609375
11-30-2018 12:36:22;1014.40002441406
11-30-2018 13:01:23;1058.56005859375
11-30-2018 13:04:30;1162.88000488281
11-30-2018 13:12:19;1062.40002441406
11-30-2018 13:32:19;998.400024414063
11-30-2018 13:47:20;936.960021972656
11-30-2018 13:57:20;886.400024414063
11-30-2018 14:07:20;826.880004882813
11-30-2018 14:22:21;772.47998046875
11-30-2018 14:47:21;710.400024414063
11-30-2018 15:17:22;770.559997558594
11-30-2018 15:42:23;714.880004882813
11-30-2018 16:02:23;658.559997558594
11-30-2018 16:12:24;734.719970703125
11-30-2018 16:22:24;786.559997558594
11-30-2018 16:57:25;732.799987792969
11-30-2018 17:42:26;990.719970703125
11-30-2018 19:52:30;678.400024414063
11-30-2018 22:27:33;626.880004882813
12-01-2018 08:57:47;572.799987792969
12-03-2018 11:43:46;628.799987792969
12-03-2018 11:45:09;628.799987792969
