Time;Natural ventilation, Roof, Zone 31 - Rm. 3-2, South Office, Heat Valve
08-27-2018 09:57:44;100
08-28-2018 11:15:42;100
08-29-2018 08:45:15;100
08-30-2018 10:58:29;0
08-30-2018 10:59:03;100
08-30-2018 10:59:35;0
08-30-2018 11:00:03;100
08-30-2018 11:00:15;0
08-30-2018 11:01:03;100
08-30-2018 11:01:17;0
08-30-2018 11:02:03;100
08-30-2018 14:34:02;100
08-31-2018 23:02:02;0
08-31-2018 23:02:06;100
08-31-2018 23:07:02;0
08-31-2018 23:07:06;100
09-01-2018 00:23:02;0
09-01-2018 00:23:06;100
09-01-2018 00:25:04;0
09-01-2018 00:25:08;100
09-01-2018 01:28:02;0
09-01-2018 01:28:06;100
09-01-2018 01:32:02;0
09-01-2018 01:32:06;100
09-01-2018 03:35:02;0
09-01-2018 03:35:06;100
09-01-2018 06:54:02;0
09-01-2018 06:54:06;100
09-01-2018 07:05:02;0
09-01-2018 07:05:06;100
09-02-2018 05:00:04;0
09-02-2018 05:00:08;100
09-02-2018 06:56:08;60
09-02-2018 06:59:02;62
09-02-2018 07:01:02;63
09-02-2018 07:03:02;64
09-02-2018 07:05:02;65
09-02-2018 07:07:02;67
09-02-2018 07:09:02;68
09-02-2018 07:11:02;69
09-02-2018 07:13:02;70
09-02-2018 07:15:02;71
09-02-2018 07:17:02;73
09-02-2018 07:19:02;74
09-02-2018 07:21:02;75
09-02-2018 07:23:02;76
09-02-2018 07:25:02;77
09-02-2018 07:27:02;79
09-02-2018 07:29:02;80
09-02-2018 07:31:02;81
09-02-2018 07:33:02;82
09-02-2018 07:35:02;83
09-02-2018 07:37:02;85
09-02-2018 07:39:02;86
09-02-2018 07:41:02;87
09-02-2018 07:43:02;88
09-02-2018 07:45:02;89
09-02-2018 07:47:02;91
09-02-2018 07:49:02;92
09-02-2018 07:51:02;93
09-02-2018 07:53:02;94
09-02-2018 07:55:02;95
09-02-2018 07:57:02;97
09-02-2018 07:59:02;98
09-02-2018 08:01:02;99
09-02-2018 08:03:02;100
09-05-2018 03:24:38;100
09-05-2018 03:24:39;0
09-05-2018 03:24:40;100
09-07-2018 03:14:29;100
09-07-2018 03:14:37;0
09-07-2018 03:14:38;100
09-07-2018 03:14:38;0
09-07-2018 03:14:39;100
09-07-2018 04:09:27;100
09-10-2018 03:01:50;100
09-10-2018 03:21:55;100
09-10-2018 03:40:11;100
09-11-2018 07:52:02;99
09-11-2018 07:56:02;100
09-11-2018 08:00:02;98
09-11-2018 08:04:02;99
09-11-2018 08:10:00;98
09-11-2018 08:14:02;99
09-11-2018 08:18:02;98
09-11-2018 08:20:02;99
09-11-2018 08:22:02;97
09-11-2018 08:24:02;98
09-11-2018 08:26:02;97
09-11-2018 08:28:02;98
09-11-2018 08:30:02;97
09-11-2018 08:36:02;96
09-11-2018 08:40:02;97
09-11-2018 08:42:02;96
09-11-2018 08:48:02;95
09-11-2018 08:58:02;94
09-11-2018 09:08:02;93
09-11-2018 09:18:02;92
09-11-2018 09:28:02;91
09-11-2018 09:38:02;90
09-11-2018 09:48:02;89
09-11-2018 09:58:02;88
09-11-2018 10:00:02;87
09-11-2018 10:08:02;86
09-11-2018 10:10:02;87
09-11-2018 10:12:02;85
09-11-2018 10:14:02;86
09-11-2018 10:18:02;84
09-11-2018 10:24:02;83
09-11-2018 10:28:02;82
09-11-2018 10:34:02;81
09-11-2018 10:38:02;80
09-11-2018 10:44:02;79
09-11-2018 10:48:02;78
09-11-2018 10:54:02;77
09-11-2018 10:58:02;76
09-11-2018 11:04:02;75
09-11-2018 11:08:02;74
09-11-2018 11:14:02;73
09-11-2018 11:16:02;72
09-11-2018 11:22:02;70
09-11-2018 11:26:02;69
09-11-2018 11:28:02;68
09-11-2018 11:32:02;67
09-11-2018 11:36:02;66
09-11-2018 11:38:02;65
09-11-2018 11:42:02;64
09-11-2018 11:46:02;63
09-11-2018 11:48:02;62
09-11-2018 11:52:02;60
09-11-2018 11:56:02;59
09-11-2018 11:58:02;58
09-11-2018 12:00:02;57
09-11-2018 12:02:02;56
09-11-2018 12:04:02;55
09-11-2018 12:08:02;54
09-11-2018 12:10:02;53
09-11-2018 12:12:02;52
09-11-2018 12:14:02;51
09-11-2018 12:16:02;49
09-11-2018 12:18:02;48
09-11-2018 12:20:02;47
09-11-2018 12:22:02;46
09-11-2018 12:24:02;45
09-11-2018 12:26:02;44
09-11-2018 12:28:02;43
09-11-2018 12:30:02;42
09-11-2018 12:32:02;41
09-11-2018 12:34:02;40
09-11-2018 12:36:02;39
09-11-2018 12:38:02;38
09-11-2018 12:40:02;37
09-11-2018 12:42:02;36
09-11-2018 12:44:02;35
09-11-2018 12:46:02;34
09-11-2018 12:48:02;33
09-11-2018 12:50:02;31
09-11-2018 12:53:02;30
09-11-2018 12:55:02;28
09-11-2018 12:57:02;27
09-11-2018 12:59:02;26
09-11-2018 13:01:02;25
09-11-2018 13:03:02;24
09-11-2018 13:05:02;22
09-11-2018 13:07:02;21
09-11-2018 13:09:02;20
09-11-2018 13:11:02;19
09-11-2018 13:13:02;18
09-11-2018 13:15:02;16
09-11-2018 13:17:02;15
09-11-2018 13:18:24;14
09-11-2018 13:19:02;13
09-11-2018 13:20:02;12
09-11-2018 13:21:02;11
09-11-2018 13:22:24;12
09-11-2018 13:23:02;11
09-11-2018 13:25:02;10
09-11-2018 13:26:02;9
09-11-2018 13:26:24;8
09-11-2018 13:28:02;7
09-11-2018 13:29:02;6
09-11-2018 13:31:02;5
09-11-2018 13:32:02;4
09-11-2018 13:33:02;3
09-11-2018 13:35:02;2
09-11-2018 13:36:02;1
09-11-2018 13:38:02;0
09-11-2018 15:06:14;10
09-11-2018 15:11:02;11
09-11-2018 15:18:12;21
09-11-2018 15:21:02;22
09-11-2018 15:25:02;23
09-11-2018 15:31:02;24
09-11-2018 15:35:02;25
09-11-2018 15:37:02;35
09-11-2018 15:39:02;36
09-11-2018 15:43:02;37
09-11-2018 15:47:02;38
09-11-2018 15:49:00;39
09-11-2018 15:50:10;49
09-11-2018 15:53:02;50
09-11-2018 15:55:02;51
09-11-2018 15:57:02;52
09-11-2018 15:59:02;53
09-11-2018 16:03:02;54
09-11-2018 16:05:02;55
09-11-2018 16:06:08;65
09-11-2018 16:09:02;67
09-11-2018 16:11:02;68
09-11-2018 16:13:02;69
09-11-2018 16:15:02;70
09-11-2018 16:17:02;71
09-11-2018 16:19:02;72
09-11-2018 16:20:06;82
09-11-2018 16:22:06;74
09-11-2018 16:24:06;85
09-11-2018 16:27:02;86
09-11-2018 16:29:02;88
09-11-2018 16:31:02;89
09-11-2018 16:33:02;90
09-11-2018 16:35:02;91
09-11-2018 16:37:02;92
09-11-2018 16:38:04;100
09-11-2018 16:42:04;96
09-11-2018 16:44:04;100
09-12-2018 12:08:34;0
09-12-2018 12:08:40;100
09-12-2018 23:08:32;0
09-12-2018 23:08:38;100
09-16-2018 13:08:18;0
09-16-2018 13:08:24;100
09-18-2018 18:08:10;0
09-18-2018 18:08:14;100
09-19-2018 16:08:10;0
09-19-2018 20:08:10;100
09-22-2018 15:56:02;99
09-22-2018 16:00:02;100
09-22-2018 16:04:02;99
09-22-2018 16:06:02;98
09-22-2018 16:14:02;97
09-22-2018 16:18:02;98
09-22-2018 16:24:02;97
09-22-2018 16:28:02;98
09-22-2018 16:30:02;97
09-22-2018 16:34:02;96
09-22-2018 16:38:02;97
09-22-2018 16:44:02;96
09-22-2018 17:06:02;95
09-22-2018 17:08:02;96
09-22-2018 17:18:02;95
09-22-2018 17:24:02;96
09-22-2018 17:28:02;95
09-22-2018 17:44:02;94
09-22-2018 17:56:02;93
09-22-2018 18:10:02;92
09-22-2018 18:14:02;93
09-22-2018 18:20:02;92
09-22-2018 18:24:02;93
09-22-2018 18:30:02;92
09-22-2018 18:48:02;93
09-22-2018 19:04:02;94
09-22-2018 19:08:02;95
09-22-2018 19:18:02;96
09-22-2018 19:24:02;97
09-22-2018 19:30:02;98
09-22-2018 19:36:02;99
09-22-2018 19:38:02;100
09-27-2018 18:07:40;0
09-28-2018 20:07:34;100
09-29-2018 15:07:32;0
09-29-2018 16:07:32;100
09-29-2018 22:07:30;0
09-29-2018 23:07:30;100
09-30-2018 17:07:28;0
10-01-2018 12:07:24;0
10-01-2018 15:07:24;100
10-16-2018 17:53:02;16
10-16-2018 17:54:02;17
10-16-2018 17:55:02;18
10-16-2018 17:56:02;19
10-16-2018 17:57:02;21
10-16-2018 17:59:02;22
10-16-2018 18:00:02;24
10-16-2018 18:01:02;25
10-16-2018 18:03:02;27
10-16-2018 18:05:02;30
10-16-2018 18:07:02;32
10-16-2018 18:08:02;34
10-16-2018 18:10:02;36
10-16-2018 18:12:02;39
10-16-2018 18:14:02;41
10-16-2018 18:16:02;44
10-16-2018 18:18:02;46
10-16-2018 18:20:02;49
10-16-2018 18:22:02;51
10-16-2018 18:24:02;54
10-16-2018 18:26:02;56
10-16-2018 18:28:02;59
10-16-2018 18:30:02;61
10-16-2018 18:32:02;64
10-16-2018 18:34:02;67
10-16-2018 18:36:02;69
10-16-2018 18:38:02;72
10-16-2018 18:40:02;75
10-16-2018 18:42:02;77
10-16-2018 18:44:02;80
10-16-2018 18:46:02;83
10-16-2018 18:48:02;85
10-16-2018 18:50:02;88
10-16-2018 18:52:02;90
10-16-2018 18:54:02;93
10-16-2018 18:56:02;96
10-16-2018 18:58:02;99
10-16-2018 19:00:02;100
10-16-2018 22:51:20;12
10-16-2018 22:51:22;0
10-16-2018 22:51:23;12
10-16-2018 22:52:02;13
10-22-2018 14:18:29;31
10-22-2018 14:19:01;34
10-22-2018 14:19:13;36
10-22-2018 14:19:47;100
10-22-2018 14:24:55;53
10-22-2018 14:24:59;100
10-22-2018 14:27:49;62
10-22-2018 14:28:01;67
10-22-2018 14:28:03;100
10-22-2018 14:31:31;76
10-22-2018 14:31:39;100
10-22-2018 14:34:09;0
10-22-2018 14:37:02;100
10-23-2018 11:49:21;0
10-26-2018 13:26:27;0
10-26-2018 13:26:31;100
10-26-2018 15:42:35;100
10-30-2018 09:43:53;0
10-30-2018 12:16:38;100
10-30-2018 12:23:59;0
11-01-2018 07:13:01;1
11-01-2018 07:18:01;2
11-01-2018 07:23:01;3
11-01-2018 07:31:01;4
11-01-2018 07:38:01;5
11-01-2018 07:42:01;6
11-01-2018 07:50:01;7
11-01-2018 07:55:01;8
11-01-2018 08:01:01;9
11-01-2018 08:08:01;10
11-01-2018 08:12:01;11
11-01-2018 08:26:01;12
11-01-2018 08:36:01;13
11-01-2018 08:43:01;14
11-01-2018 08:49:01;15
11-01-2018 08:53:01;16
11-01-2018 08:57:01;17
11-01-2018 09:03:01;18
11-01-2018 09:07:01;19
11-01-2018 09:17:27;18
11-01-2018 09:20:01;17
11-01-2018 09:21:23;16
11-01-2018 09:22:53;15
11-01-2018 09:25:01;14
11-01-2018 09:25:57;13
11-01-2018 09:29:01;12
11-01-2018 09:31:01;11
11-01-2018 09:36:59;12
11-01-2018 09:39:01;11
11-01-2018 09:42:01;12
11-01-2018 09:44:01;11
11-01-2018 09:48:01;12
11-01-2018 09:50:01;11
11-01-2018 10:58:01;11
11-01-2018 11:07:27;9
11-01-2018 11:07:37;10
11-01-2018 11:18:01;9
11-01-2018 11:24:01;8
11-01-2018 11:32:01;7
11-01-2018 11:38:01;6
11-01-2018 11:45:01;5
11-01-2018 11:50:01;4
11-01-2018 11:58:01;3
11-01-2018 12:05:01;2
11-01-2018 12:11:01;1
11-01-2018 12:18:01;0
11-01-2018 15:42:01;12
11-01-2018 15:44:01;11
11-01-2018 15:48:01;12
11-01-2018 18:05:23;100
11-02-2018 20:05:19;0
11-05-2018 03:21:01;5
11-05-2018 03:31:01;6
11-05-2018 03:41:01;7
11-05-2018 03:46:09;8
11-05-2018 03:48:09;7
11-05-2018 03:51:01;8
11-05-2018 03:52:09;9
11-05-2018 03:57:01;10
11-05-2018 03:58:07;9
11-05-2018 04:00:07;10
11-05-2018 04:06:07;11
11-05-2018 04:09:01;12
11-05-2018 04:15:01;13
11-05-2018 04:19:01;14
11-05-2018 04:25:01;15
11-05-2018 04:29:01;16
11-05-2018 04:35:01;17
11-05-2018 04:39:01;18
11-05-2018 04:45:01;19
11-05-2018 04:49:01;20
11-05-2018 04:55:01;22
11-05-2018 04:57:01;21
11-05-2018 04:59:01;22
11-05-2018 05:01:01;23
11-05-2018 05:03:01;24
11-05-2018 05:05:01;25
11-05-2018 05:10:01;26
11-05-2018 05:14:01;27
11-05-2018 05:16:01;28
11-05-2018 05:20:01;29
11-05-2018 05:24:01;30
11-05-2018 05:26:01;31
11-05-2018 05:30:01;32
11-05-2018 05:34:01;33
11-05-2018 05:36:01;34
11-05-2018 05:40:01;35
11-05-2018 05:44:01;36
11-05-2018 05:46:01;37
11-05-2018 05:48:01;38
11-05-2018 05:52:01;39
11-05-2018 05:56:01;41
11-05-2018 05:58:01;42
11-05-2018 06:00:01;43
11-05-2018 06:04:01;44
11-05-2018 06:05:05;49
11-05-2018 06:08:01;52
11-05-2018 06:10:01;54
11-05-2018 06:12:01;56
11-05-2018 06:14:01;58
11-05-2018 06:16:01;59
11-05-2018 06:18:01;61
11-05-2018 06:20:01;63
11-05-2018 06:22:01;65
11-05-2018 06:24:01;67
11-05-2018 06:26:01;69
11-05-2018 06:28:01;70
11-05-2018 06:30:01;72
11-05-2018 06:32:01;74
11-05-2018 06:34:01;76
11-05-2018 06:36:01;78
11-05-2018 06:38:01;80
11-05-2018 06:40:01;82
11-05-2018 06:42:01;84
11-05-2018 06:44:01;86
11-05-2018 06:46:01;88
11-05-2018 06:48:01;90
11-05-2018 06:50:01;92
11-05-2018 06:52:01;93
11-05-2018 06:54:01;95
11-05-2018 06:56:01;97
11-05-2018 06:58:01;99
11-05-2018 07:00:01;100
11-05-2018 07:40:15;1
11-05-2018 07:42:15;0
11-05-2018 07:44:15;1
11-05-2018 07:46:15;0
11-05-2018 07:48:15;1
11-05-2018 07:49:01;2
11-05-2018 07:50:15;1
11-05-2018 07:52:15;2
11-05-2018 08:01:01;3
11-05-2018 08:11:01;4
11-09-2018 14:04:49;95
11-09-2018 14:07:01;94
11-09-2018 14:09:01;92
11-09-2018 14:13:01;90
11-09-2018 14:17:01;88
11-09-2018 14:21:01;86
11-09-2018 14:25:01;84
11-09-2018 14:29:01;82
11-09-2018 14:33:01;80
11-09-2018 14:37:01;78
11-09-2018 14:41:01;75
11-09-2018 14:43:01;74
11-09-2018 14:45:01;73
11-09-2018 14:47:01;72
11-09-2018 14:51:01;70
11-09-2018 14:53:01;68
11-09-2018 14:55:01;67
11-09-2018 14:57:01;66
11-09-2018 14:59:01;65
11-09-2018 15:01:01;64
11-09-2018 15:03:01;62
11-09-2018 15:05:01;61
11-09-2018 15:07:01;60
11-09-2018 15:09:01;59
11-09-2018 15:09:19;100
11-12-2018 14:58:31;0
11-13-2018 10:41:39;100
11-15-2018 10:50:59;0
11-16-2018 20:52:45;1
11-16-2018 20:56:45;0
11-16-2018 21:02:45;1
11-16-2018 21:03:01;2
11-16-2018 21:06:45;1
11-16-2018 21:16:43;2
11-16-2018 21:18:43;1
11-16-2018 21:20:43;2
11-16-2018 21:25:01;3
11-16-2018 21:26:43;2
11-16-2018 21:32:41;3
11-16-2018 21:34:41;2
11-16-2018 21:40:41;3
11-16-2018 21:48:01;4
11-16-2018 21:58:01;5
11-16-2018 22:08:01;6
11-16-2018 22:18:01;7
11-16-2018 22:28:01;8
11-16-2018 22:38:01;9
11-16-2018 22:48:01;10
11-16-2018 22:58:01;11
11-16-2018 23:08:01;12
11-16-2018 23:18:01;13
11-16-2018 23:28:01;14
11-16-2018 23:38:01;15
11-16-2018 23:48:01;16
11-16-2018 23:58:01;17
11-17-2018 00:08:01;18
11-17-2018 00:18:01;19
11-17-2018 00:20:23;20
11-17-2018 00:22:23;19
11-17-2018 00:25:01;20
11-17-2018 00:28:23;21
11-17-2018 00:36:21;22
11-17-2018 00:39:01;23
11-17-2018 00:43:01;22
11-17-2018 00:45:01;24
11-17-2018 00:47:01;23
11-17-2018 00:49:01;24
11-17-2018 00:53:01;25
11-17-2018 00:57:01;26
11-17-2018 01:03:01;27
11-17-2018 01:07:01;28
11-17-2018 01:13:01;29
11-17-2018 01:17:01;30
11-17-2018 01:23:01;31
11-17-2018 01:27:01;32
11-17-2018 01:33:01;33
11-17-2018 01:37:01;34
11-17-2018 01:43:01;35
11-17-2018 01:47:01;36
11-17-2018 01:53:01;37
11-17-2018 01:57:01;38
11-17-2018 04:13:59;74
11-17-2018 04:18:01;76
11-17-2018 04:20:01;75
11-17-2018 04:22:01;76
11-17-2018 04:24:01;78
11-17-2018 04:26:01;77
11-17-2018 04:28:01;79
11-17-2018 04:30:01;80
11-17-2018 04:32:01;81
11-17-2018 04:36:01;82
11-17-2018 04:38:01;83
11-17-2018 04:40:01;84
11-17-2018 04:42:01;85
11-17-2018 04:46:01;86
11-17-2018 04:48:01;87
11-17-2018 04:50:01;88
11-17-2018 04:52:01;89
11-17-2018 04:56:01;90
11-17-2018 04:58:01;91
11-17-2018 05:00:01;92
11-17-2018 05:02:01;93
11-17-2018 05:06:01;94
11-17-2018 05:08:01;95
11-17-2018 05:10:01;96
11-17-2018 05:12:01;97
11-17-2018 05:16:01;98
11-17-2018 05:18:01;99
11-17-2018 05:20:01;100
11-17-2018 07:03:01;39
11-17-2018 07:07:01;40
11-17-2018 07:13:01;41
11-17-2018 07:17:01;42
11-17-2018 07:23:01;43
11-17-2018 07:27:01;44
11-17-2018 07:33:01;45
11-17-2018 07:37:01;46
11-17-2018 07:41:01;48
11-17-2018 07:43:01;47
11-17-2018 07:45:01;49
11-17-2018 07:47:01;48
11-17-2018 07:51:01;49
11-17-2018 07:55:01;50
11-17-2018 07:59:01;52
11-17-2018 08:09:01;53
11-17-2018 08:13:01;54
11-17-2018 08:15:01;55
11-17-2018 08:17:01;56
11-17-2018 08:21:01;57
11-17-2018 08:23:01;58
11-17-2018 08:27:01;59
11-17-2018 08:31:01;60
11-17-2018 08:33:01;61
11-17-2018 08:37:01;62
11-17-2018 08:41:01;63
11-17-2018 08:43:01;64
11-17-2018 08:47:01;65
11-17-2018 08:51:01;66
11-17-2018 08:53:01;67
11-17-2018 08:57:01;68
11-17-2018 09:01:01;69
11-17-2018 09:03:01;70
11-29-2018 13:30:03;0
11-29-2018 14:47:37;100
11-29-2018 14:47:49;0
11-30-2018 12:23:32;100
12-01-2018 03:42:56;1
12-01-2018 03:44:56;0
12-01-2018 03:48:56;1
12-01-2018 03:50:56;0
12-01-2018 03:56:54;1
12-01-2018 03:57:02;2
12-01-2018 03:58:54;1
12-01-2018 04:00:54;2
12-01-2018 04:02:54;1
12-01-2018 04:06:54;2
12-01-2018 04:13:02;3
12-01-2018 04:23:02;4
12-01-2018 04:33:02;5
12-01-2018 04:43:02;6
12-01-2018 04:53:02;7
12-01-2018 04:58:48;8
12-01-2018 05:00:48;7
12-01-2018 05:02:48;9
12-01-2018 05:04:48;8
12-01-2018 05:06:48;9
12-01-2018 05:09:02;10
12-01-2018 05:10:46;9
12-01-2018 05:14:46;10
12-01-2018 05:17:02;11
12-01-2018 05:22:46;12
12-01-2018 05:27:02;13
12-01-2018 05:31:02;14
12-01-2018 05:37:02;15
12-01-2018 05:41:02;16
12-01-2018 05:47:02;17
12-01-2018 05:51:02;18
12-01-2018 05:57:02;19
12-01-2018 06:01:02;20
12-01-2018 06:05:02;22
12-01-2018 06:09:02;23
12-01-2018 06:13:02;24
12-01-2018 06:15:02;23
12-01-2018 06:17:02;24
12-01-2018 06:21:02;26
12-01-2018 06:25:02;27
12-01-2018 06:27:02;28
12-01-2018 06:31:02;29
12-01-2018 06:35:02;30
12-01-2018 06:37:02;31
12-01-2018 06:41:02;32
12-01-2018 06:45:02;33
12-01-2018 06:47:02;34
12-01-2018 06:51:02;35
12-01-2018 06:55:02;36
12-01-2018 06:57:02;37
12-01-2018 06:59:02;38
12-01-2018 07:03:02;39
12-01-2018 07:05:02;40
12-01-2018 07:07:02;41
12-01-2018 07:09:02;42
12-01-2018 07:11:02;43
12-01-2018 07:15:02;44
12-01-2018 07:17:02;45
12-01-2018 07:19:02;46
12-01-2018 07:21:02;47
12-01-2018 07:25:02;48
12-01-2018 07:27:02;49
12-01-2018 07:29:02;50
12-01-2018 07:31:02;51
12-01-2018 07:35:02;52
12-01-2018 07:37:02;53
12-01-2018 07:39:02;54
12-01-2018 07:41:02;55
12-01-2018 07:45:02;56
12-01-2018 07:47:02;57
12-01-2018 07:49:02;58
12-01-2018 07:51:02;59
12-01-2018 07:53:02;61
12-01-2018 07:55:02;60
12-01-2018 07:57:02;61
12-01-2018 07:59:02;63
12-01-2018 08:01:02;64
12-01-2018 08:05:02;65
12-01-2018 08:07:02;67
12-01-2018 08:09:02;68
12-01-2018 08:11:02;69
12-01-2018 08:13:02;70
12-01-2018 08:15:02;71
12-01-2018 08:17:02;72
12-01-2018 08:19:02;73
12-01-2018 08:21:02;74
12-01-2018 08:23:02;75
12-01-2018 08:25:02;76
12-01-2018 08:27:02;77
12-01-2018 08:29:02;78
12-01-2018 08:31:02;79
12-01-2018 08:33:02;80
12-01-2018 08:35:02;81
12-01-2018 08:37:02;82
12-01-2018 08:39:02;83
12-01-2018 08:41:02;84
12-01-2018 08:43:02;85
12-01-2018 08:45:02;86
12-01-2018 08:47:02;87
12-01-2018 08:49:02;88
12-01-2018 08:51:02;89
12-01-2018 08:53:02;90
12-01-2018 08:55:02;91
12-01-2018 08:57:02;92
12-01-2018 08:59:02;93
12-01-2018 09:01:02;94
12-01-2018 09:03:02;96
12-01-2018 09:05:02;97
12-01-2018 09:09:02;99
12-01-2018 09:11:02;100
12-03-2018 15:35:14;32
12-03-2018 15:36:01;35
12-03-2018 15:36:41;30
12-03-2018 15:37:01;33
12-03-2018 15:38:01;36
12-03-2018 15:39:01;38
12-03-2018 15:40:01;41
12-03-2018 15:41:01;44
12-03-2018 15:42:01;46
12-03-2018 15:43:01;49
12-03-2018 15:44:01;52
12-03-2018 15:45:01;55
12-03-2018 15:47:01;60
12-03-2018 15:49:01;65
12-03-2018 15:51:01;71
12-03-2018 15:53:01;76
12-03-2018 15:55:01;80
12-03-2018 15:57:01;86
12-03-2018 15:59:01;91
12-03-2018 16:01:01;96
12-03-2018 16:03:01;100
12-03-2018 20:35:05;32
12-03-2018 20:35:09;0
12-06-2018 10:22:51;92
12-06-2018 10:44:01;86
12-06-2018 10:50:01;85
12-06-2018 10:52:01;84
12-06-2018 10:54:01;85
12-06-2018 10:56:01;83
12-06-2018 11:00:01;82
12-06-2018 11:02:01;81
12-06-2018 11:06:01;80
12-06-2018 11:10:01;79
12-06-2018 11:12:01;78
12-06-2018 11:16:01;77
12-06-2018 11:20:01;75
12-06-2018 11:22:01;74
12-06-2018 11:24:01;73
12-06-2018 11:28:01;72
12-06-2018 11:30:01;71
12-06-2018 11:32:01;70
12-06-2018 11:34:01;69
12-06-2018 11:38:01;68
12-06-2018 11:40:01;66
12-06-2018 11:44:01;64
12-06-2018 11:46:01;63
12-06-2018 11:48:01;62
12-06-2018 11:50:01;61
12-06-2018 11:52:01;60
12-06-2018 11:54:01;59
12-06-2018 11:56:01;58
12-06-2018 11:58:01;57
12-06-2018 12:00:01;56
12-06-2018 12:02:01;55
12-06-2018 12:04:01;54
12-06-2018 12:06:01;53
12-06-2018 12:08:01;52
12-06-2018 12:10:01;51
12-06-2018 12:12:01;50
12-06-2018 12:14:01;49
12-06-2018 12:16:01;48
12-06-2018 12:17:33;60
12-06-2018 12:18:05;48
12-06-2018 12:21:01;47
12-06-2018 12:23:01;46
12-06-2018 12:25:01;45
12-06-2018 12:27:01;44
12-06-2018 12:29:01;43
12-06-2018 12:31:01;42
12-06-2018 12:33:01;41
12-06-2018 12:35:01;40
12-06-2018 12:37:01;39
12-06-2018 12:39:01;38
12-06-2018 12:41:01;37
12-06-2018 12:43:01;36
12-06-2018 12:45:01;35
12-06-2018 12:47:01;34
12-06-2018 12:49:01;33
12-06-2018 12:51:01;32
12-06-2018 12:53:01;31
12-06-2018 12:55:01;30
12-06-2018 12:57:01;29
12-06-2018 12:59:01;28
12-06-2018 13:01:01;27
12-06-2018 13:03:01;26
12-06-2018 13:05:01;25
12-06-2018 13:07:01;24
12-06-2018 13:09:01;23
12-06-2018 13:11:01;22
12-06-2018 13:13:01;21
12-06-2018 13:15:01;20
12-06-2018 13:15:23;19
12-06-2018 13:17:01;18
12-06-2018 13:19:01;16
12-06-2018 13:19:23;17
12-06-2018 13:21:01;16
12-06-2018 13:21:23;15
12-06-2018 13:23:01;14
12-06-2018 13:23:23;15
12-06-2018 13:25:01;14
12-06-2018 13:25:23;13
12-06-2018 13:27:01;12
12-06-2018 13:27:21;13
12-06-2018 13:29:01;12
12-06-2018 13:31:01;11
12-06-2018 13:33:01;10
12-06-2018 13:33:21;9
12-06-2018 13:34:01;8
12-06-2018 13:35:21;9
12-06-2018 13:36:01;8
12-06-2018 13:37:21;7
12-06-2018 13:38:01;6
12-06-2018 13:40:01;5
12-06-2018 13:41:01;4
12-06-2018 13:43:01;3
12-06-2018 13:45:01;2
12-06-2018 13:46:01;1
12-06-2018 13:48:01;0
12-07-2018 00:24:13;1
12-07-2018 00:26:13;0
12-07-2018 00:32:13;1
12-07-2018 00:35:01;2
12-07-2018 00:45:01;3
12-07-2018 00:55:01;4
12-07-2018 01:05:01;5
12-07-2018 01:14:07;6
12-07-2018 01:16:01;7
12-07-2018 01:16:07;6
12-07-2018 01:20:07;7
12-07-2018 01:22:01;8
12-07-2018 01:28:01;9
12-07-2018 01:32:01;10
12-07-2018 01:38:01;11
12-07-2018 01:42:01;12
12-07-2018 01:48:01;13
12-07-2018 01:52:01;14
12-07-2018 01:58:01;15
12-07-2018 04:00:01;59
12-07-2018 04:02:01;60
12-07-2018 04:04:01;61
12-07-2018 04:06:01;62
12-07-2018 04:08:01;63
12-07-2018 04:10:01;64
12-07-2018 04:12:01;65
12-07-2018 04:14:01;66
12-07-2018 04:16:01;67
12-07-2018 04:18:01;68
12-07-2018 04:20:01;69
12-07-2018 04:22:01;70
12-07-2018 04:24:01;71
12-07-2018 04:26:01;72
12-07-2018 04:28:01;73
12-07-2018 04:30:01;74
12-07-2018 04:32:01;75
12-07-2018 04:34:01;76
12-07-2018 04:36:01;77
12-07-2018 04:38:01;78
12-07-2018 04:40:01;79
12-07-2018 04:42:01;80
12-07-2018 04:44:01;81
12-07-2018 04:46:01;82
12-07-2018 04:48:01;83
12-07-2018 04:50:01;85
12-07-2018 04:54:01;86
12-07-2018 04:56:01;87
12-07-2018 04:58:01;89
12-07-2018 05:02:01;90
12-07-2018 05:04:01;93
12-07-2018 05:08:01;95
12-07-2018 05:10:01;96
12-07-2018 05:12:01;97
12-07-2018 05:14:01;98
12-07-2018 05:16:01;100
12-07-2018 07:03:01;16
12-07-2018 07:07:01;18
12-07-2018 07:09:01;17
12-07-2018 07:11:01;19
12-07-2018 07:17:01;20
12-07-2018 07:21:01;21
12-07-2018 07:23:01;22
12-07-2018 07:25:01;23
12-07-2018 07:29:01;24
12-07-2018 07:33:01;25
12-07-2018 07:35:01;26
12-07-2018 07:39:01;27
12-07-2018 07:43:01;28
12-07-2018 07:45:01;29
12-07-2018 07:49:01;30
12-07-2018 07:53:01;31
12-07-2018 07:55:01;32
12-07-2018 07:57:01;33
12-07-2018 07:59:01;34
12-07-2018 08:05:01;35
12-07-2018 08:07:01;37
12-07-2018 08:09:01;38
12-07-2018 08:11:01;37
12-07-2018 08:13:01;39
12-07-2018 08:15:01;40
12-07-2018 08:17:01;41
12-07-2018 08:21:01;42
12-07-2018 08:23:01;43
12-07-2018 08:25:01;44
12-07-2018 08:27:01;45
12-07-2018 08:31:01;46
12-07-2018 08:33:01;47
12-07-2018 08:35:01;48
12-07-2018 08:37:01;49
12-07-2018 08:41:01;50
12-07-2018 08:43:01;51
12-07-2018 08:45:01;52
12-07-2018 08:49:01;53
12-07-2018 08:51:01;54
12-07-2018 08:53:01;56
12-13-2018 18:11:52;0
12-13-2018 23:06:29;100
12-15-2018 23:05:46;1
12-15-2018 23:07:46;0
12-15-2018 23:11:46;1
12-15-2018 23:14:02;2
12-15-2018 23:17:44;1
12-15-2018 23:27:44;2
12-15-2018 23:31:44;1
12-15-2018 23:33:44;2
12-15-2018 23:37:02;3
12-15-2018 23:37:42;2
12-15-2018 23:41:42;3
12-15-2018 23:43:42;2
12-15-2018 23:45:40;3
12-15-2018 23:47:42;2
12-15-2018 23:51:42;3
12-15-2018 23:55:40;2
12-16-2018 00:03:40;3
12-16-2018 00:05:02;4
12-16-2018 00:15:02;5
12-16-2018 00:21:38;4
12-16-2018 00:23:38;5
12-16-2018 00:26:02;6
12-16-2018 00:36:02;7
12-16-2018 00:46:02;8
12-16-2018 00:56:02;9
12-16-2018 01:06:02;10
12-16-2018 01:16:02;11
12-16-2018 01:26:02;12
12-16-2018 01:36:02;13
12-16-2018 01:46:02;14
12-16-2018 01:56:02;15
12-16-2018 03:09:02;24
12-16-2018 03:11:02;23
12-16-2018 03:12:02;24
12-16-2018 03:18:02;25
12-16-2018 03:22:02;26
12-16-2018 03:30:02;27
12-16-2018 03:34:02;28
12-16-2018 03:38:02;29
12-16-2018 03:44:02;30
12-16-2018 03:48:00;31
12-16-2018 03:54:02;32
12-16-2018 03:58:02;33
12-16-2018 04:04:02;34
12-16-2018 04:08:02;35
12-16-2018 04:14:00;36
12-16-2018 04:18:02;37
12-16-2018 04:24:02;38
12-16-2018 04:28:02;39
12-16-2018 04:34:02;40
12-16-2018 04:38:02;41
12-16-2018 04:44:02;42
12-16-2018 04:48:02;43
12-16-2018 04:54:02;44
12-16-2018 04:58:02;45
12-16-2018 05:04:02;47
12-16-2018 05:06:02;48
12-16-2018 05:12:02;49
12-16-2018 05:14:02;50
12-16-2018 05:16:02;49
12-16-2018 05:18:02;50
12-16-2018 05:20:02;51
12-16-2018 05:26:02;53
12-16-2018 05:30:02;54
12-16-2018 05:34:02;55
12-16-2018 05:36:02;56
12-16-2018 05:40:02;57
12-16-2018 05:44:02;58
12-16-2018 05:46:02;59
12-16-2018 05:50:02;60
12-16-2018 05:54:02;61
12-16-2018 05:56:02;62
12-16-2018 06:00:02;63
12-16-2018 06:04:02;64
12-16-2018 06:06:00;65
12-16-2018 06:10:02;66
12-16-2018 06:14:02;67
12-16-2018 06:16:02;68
12-16-2018 06:20:02;69
12-16-2018 06:24:02;70
12-16-2018 06:26:02;71
12-16-2018 06:28:02;72
12-16-2018 06:32:02;73
12-16-2018 06:36:02;75
12-16-2018 06:40:02;76
12-16-2018 06:44:02;77
12-16-2018 06:46:02;78
12-16-2018 06:50:02;80
12-16-2018 06:52:02;81
12-16-2018 06:54:02;80
12-16-2018 06:56:02;81
12-16-2018 07:00:02;83
12-16-2018 07:04:02;85
12-16-2018 07:06:02;84
12-16-2018 07:07:02;16
12-16-2018 07:08:02;86
12-16-2018 07:10:02;87
12-16-2018 07:12:02;88
12-16-2018 07:14:02;87
12-16-2018 07:16:02;89
12-16-2018 07:17:02;17
12-16-2018 07:22:02;90
12-16-2018 07:24:02;92
12-16-2018 07:27:02;18
12-16-2018 07:28:02;93
12-16-2018 07:30:02;94
12-16-2018 07:32:02;95
12-16-2018 07:34:02;96
12-16-2018 07:37:02;19
12-16-2018 07:38:02;97
12-16-2018 07:40:02;98
12-16-2018 07:41:24;20
12-16-2018 07:42:02;99
12-16-2018 07:43:24;19
12-16-2018 07:44:02;100
12-16-2018 07:46:02;20
12-16-2018 07:51:22;21
12-16-2018 07:59:22;22
12-16-2018 08:03:22;23
01-07-2019 22:39:52;100
01-07-2019 22:39:55;0
01-07-2019 22:39:55;100
01-11-2019 08:54:06;100
01-16-2019 15:16:54;0
01-17-2019 05:32:38;1
01-17-2019 05:36:36;0
01-17-2019 05:38:36;1
01-17-2019 05:39:02;2
01-17-2019 05:40:36;1
01-17-2019 05:46:36;2
01-17-2019 05:55:02;3
01-17-2019 06:05:02;4
01-17-2019 06:15:02;5
01-17-2019 06:20:32;6
01-17-2019 06:24:02;7
01-17-2019 06:28:02;8
01-17-2019 06:34:02;9
01-17-2019 06:38:02;10
01-17-2019 06:44:02;11
01-17-2019 06:48:02;12
01-17-2019 06:54:02;13
01-17-2019 06:57:02;15
01-17-2019 06:59:02;14
01-17-2019 07:01:02;16
01-17-2019 07:05:02;17
01-17-2019 07:09:02;18
01-17-2019 07:11:02;19
01-17-2019 07:15:02;20
01-17-2019 07:19:02;21
01-17-2019 07:21:02;22
01-17-2019 07:25:02;23
01-17-2019 07:29:02;24
01-17-2019 07:30:24;25
01-17-2019 07:33:02;26
01-17-2019 07:35:02;27
01-17-2019 07:37:02;28
01-17-2019 07:39:02;29
01-17-2019 07:41:02;30
01-17-2019 07:45:02;31
01-17-2019 07:47:02;32
01-17-2019 07:49:02;33
01-17-2019 07:51:02;34
01-17-2019 07:55:02;35
01-17-2019 07:57:02;36
01-17-2019 07:59:02;37
01-17-2019 08:01:02;39
01-17-2019 08:05:02;41
01-17-2019 08:07:02;42
01-17-2019 08:09:02;43
01-17-2019 08:11:02;42
01-17-2019 08:13:02;44
01-17-2019 08:15:02;45
01-17-2019 08:17:02;46
01-17-2019 08:19:02;47
01-17-2019 08:21:02;48
01-17-2019 08:23:02;49
01-17-2019 08:25:02;50
01-17-2019 08:27:02;51
01-17-2019 08:29:02;52
01-17-2019 08:31:02;53
01-17-2019 08:33:02;54
01-17-2019 08:35:02;55
01-17-2019 08:37:02;56
01-17-2019 08:39:02;57
01-17-2019 08:41:02;58
01-17-2019 08:43:00;59
01-17-2019 08:45:02;60
01-17-2019 08:47:02;61
01-17-2019 08:49:02;62
01-17-2019 08:51:02;63
01-17-2019 08:53:02;65
01-17-2019 08:55:02;67
01-17-2019 08:57:02;68
01-17-2019 09:01:02;70
01-17-2019 09:03:02;71
01-17-2019 09:05:02;72
01-17-2019 09:07:02;74
01-17-2019 09:09:02;75
01-17-2019 09:13:02;77
01-17-2019 09:15:02;78
01-17-2019 09:17:02;79
01-17-2019 09:19:02;81
01-17-2019 09:21:02;82
01-17-2019 09:23:02;83
01-17-2019 09:25:02;84
01-17-2019 09:27:02;85
01-17-2019 09:29:02;87
01-17-2019 09:31:02;88
01-17-2019 09:33:02;89
01-17-2019 09:35:02;90
01-17-2019 09:37:02;91
01-17-2019 09:39:02;93
01-17-2019 09:41:02;94
01-17-2019 14:43:00;95
01-17-2019 14:45:02;97
01-17-2019 14:47:02;98
01-17-2019 14:49:02;99
01-17-2019 14:51:02;100
01-23-2019 19:08:49;100
01-26-2019 08:19:46;1
01-26-2019 08:24:02;2
01-26-2019 08:34:02;3
01-26-2019 08:44:02;4
01-26-2019 08:54:02;5
01-26-2019 09:04:02;6
01-26-2019 09:14:02;7
01-26-2019 09:19:40;8
01-26-2019 09:21:40;7
01-26-2019 09:24:02;8
01-26-2019 09:25:38;9
01-26-2019 09:30:02;10
01-26-2019 09:34:02;11
01-26-2019 09:40:02;12
01-26-2019 10:22:02;20
01-26-2019 10:24:02;21
01-26-2019 10:30:02;22
01-26-2019 10:34:02;23
01-26-2019 10:38:02;25
01-26-2019 10:48:02;26
01-26-2019 10:52:02;27
01-26-2019 10:58:02;28
01-26-2019 11:00:02;29
01-26-2019 11:06:02;30
01-26-2019 11:10:02;32
01-26-2019 11:12:02;31
01-26-2019 11:16:02;32
01-26-2019 11:18:02;33
01-26-2019 11:24:02;34
01-26-2019 11:30:02;35
01-26-2019 11:32:02;36
01-26-2019 11:36:02;37
01-26-2019 11:42:02;38
01-26-2019 11:48:02;39
01-26-2019 11:52:02;40
01-26-2019 11:58:02;41
01-26-2019 12:02:02;42
01-26-2019 12:08:02;43
01-26-2019 12:12:02;44
01-26-2019 12:18:02;45
01-26-2019 12:22:02;46
01-26-2019 12:28:02;47
01-26-2019 12:32:02;48
01-26-2019 12:38:02;49
01-26-2019 12:42:02;50
01-26-2019 12:48:02;51
01-26-2019 12:52:02;52
01-26-2019 12:58:02;53
01-26-2019 13:02:02;54
01-26-2019 13:08:02;55
01-26-2019 13:12:02;56
01-26-2019 13:18:02;57
01-26-2019 13:22:02;58
01-26-2019 13:28:02;59
01-26-2019 13:32:00;60
01-26-2019 13:38:02;61
01-26-2019 13:42:02;62
01-26-2019 13:48:02;63
01-26-2019 13:54:02;64
01-26-2019 13:56:02;63
01-26-2019 14:00:02;64
01-26-2019 14:02:02;65
01-26-2019 14:10:02;66
01-26-2019 14:22:02;67
01-26-2019 14:28:02;68
01-26-2019 14:40:02;69
01-26-2019 14:44:02;13
01-26-2019 14:49:02;14
01-26-2019 14:50:02;70
01-26-2019 14:55:02;15
01-26-2019 14:59:02;16
01-26-2019 15:00:02;71
01-26-2019 15:05:02;17
01-26-2019 15:09:02;18
01-26-2019 15:10:02;72
01-26-2019 15:15:02;19
01-26-2019 15:20:02;73
01-26-2019 15:30:02;74
01-26-2019 15:40:02;75
01-26-2019 15:50:02;76
01-26-2019 16:00:02;77
01-26-2019 16:10:02;78
01-26-2019 16:20:02;79
01-26-2019 16:30:02;80
01-26-2019 16:34:02;81
01-26-2019 16:36:02;80
01-26-2019 16:38:02;82
01-26-2019 16:40:02;81
01-26-2019 16:42:02;82
01-26-2019 16:44:02;83
01-26-2019 16:48:02;84
01-26-2019 16:54:02;85
01-26-2019 16:58:02;86
01-26-2019 17:04:02;87
01-26-2019 17:08:02;88
01-26-2019 17:14:02;89
01-26-2019 17:18:02;90
01-26-2019 17:24:02;91
01-26-2019 17:28:02;92
01-26-2019 17:34:02;93
01-26-2019 17:38:02;94
01-26-2019 17:44:02;95
01-26-2019 17:48:02;96
01-26-2019 17:54:02;97
01-26-2019 17:58:02;98
01-26-2019 18:04:02;99
01-26-2019 18:08:02;100
01-29-2019 11:57:48;100
01-30-2019 01:21:19;4
01-30-2019 01:21:23;100
01-30-2019 01:47:39;8
01-30-2019 01:48:01;9
01-30-2019 01:50:01;10
01-30-2019 01:54:01;11
01-30-2019 01:56:01;12
01-30-2019 01:58:01;13
01-30-2019 07:00:01;14
01-30-2019 07:03:01;15
01-30-2019 07:05:01;16
01-30-2019 07:09:01;17
01-30-2019 07:11:01;18
01-30-2019 07:13:01;19
01-30-2019 07:15:01;20
01-30-2019 07:19:01;21
01-30-2019 07:21:01;22
01-30-2019 07:23:01;23
01-30-2019 07:25:01;24
01-30-2019 07:28:55;29
01-30-2019 07:31:01;31
01-30-2019 07:32:17;100
01-30-2019 11:38:01;85
01-30-2019 11:40:01;84
01-30-2019 11:44:01;83
01-30-2019 11:46:01;82
01-30-2019 11:48:01;80
01-30-2019 11:50:01;79
01-30-2019 11:52:01;80
01-30-2019 11:54:01;77
01-30-2019 11:56:01;76
01-30-2019 12:00:01;75
01-30-2019 12:02:01;74
01-30-2019 12:04:01;73
01-30-2019 12:06:01;72
01-30-2019 12:08:01;71
01-30-2019 12:21:01;65
01-30-2019 12:23:01;62
01-30-2019 12:25:01;61
01-30-2019 12:27:01;60
01-30-2019 12:29:01;58
01-30-2019 12:31:01;57
01-30-2019 12:33:01;56
01-30-2019 12:35:01;55
01-30-2019 12:37:01;54
01-30-2019 12:39:01;52
01-30-2019 12:41:01;51
01-30-2019 12:43:01;50
01-30-2019 12:44:01;47
01-30-2019 12:46:01;48
01-30-2019 12:48:01;47
01-30-2019 12:49:15;44
01-30-2019 12:52:01;42
01-30-2019 12:54:01;40
01-30-2019 12:56:01;39
01-30-2019 12:58:01;37
01-30-2019 13:00:01;36
01-30-2019 13:02:01;34
01-30-2019 13:04:01;33
01-30-2019 13:06:01;31
01-30-2019 13:08:01;30
01-30-2019 13:10:01;28
01-30-2019 13:12:01;27
01-30-2019 13:14:01;25
01-30-2019 13:16:01;24
01-30-2019 13:18:01;22
01-30-2019 13:20:01;21
01-30-2019 13:22:01;19
01-30-2019 13:24:01;18
01-30-2019 13:26:01;16
01-30-2019 13:27:11;14
01-30-2019 13:28:01;13
01-30-2019 13:29:01;12
01-30-2019 13:29:11;14
01-30-2019 13:30:01;13
01-30-2019 13:31:01;12
01-30-2019 13:33:01;11
01-30-2019 13:33:11;9
01-30-2019 13:34:01;8
01-30-2019 13:35:01;7
01-30-2019 13:36:01;6
01-30-2019 13:37:01;5
01-30-2019 13:38:01;4
01-30-2019 13:39:01;3
01-30-2019 13:40:01;2
01-30-2019 13:42:01;1
01-30-2019 13:43:01;0
01-30-2019 15:49:01;98
01-30-2019 15:51:01;97
01-30-2019 15:57:01;96
01-30-2019 16:05:01;95
01-30-2019 16:11:01;94
01-30-2019 16:17:01;91
01-30-2019 16:21:01;90
01-30-2019 16:23:01;89
01-30-2019 17:11:01;70
01-30-2019 17:13:01;69
01-30-2019 19:07:51;100
01-31-2019 04:29:02;50
01-31-2019 04:30:02;54
01-31-2019 04:31:02;57
01-31-2019 04:32:02;60
01-31-2019 04:34:02;65
01-31-2019 04:36:02;70
01-31-2019 04:38:02;76
01-31-2019 04:40:02;82
01-31-2019 04:42:02;88
01-31-2019 04:44:02;94
01-31-2019 04:46:02;99
01-31-2019 04:48:02;100
01-31-2019 05:19:36;28
01-31-2019 05:19:40;2
01-31-2019 05:19:44;28
01-31-2019 05:20:02;31
01-31-2019 05:21:02;34
01-31-2019 05:22:02;37
01-31-2019 05:23:14;40
01-31-2019 05:23:15;28
01-31-2019 05:23:17;40
01-31-2019 05:23:17;28
01-31-2019 05:24:01;31
01-31-2019 05:25:01;34
01-31-2019 05:26:01;38
01-31-2019 05:27:01;41
01-31-2019 05:28:01;44
01-31-2019 05:29:01;47
01-31-2019 05:30:01;50
01-31-2019 05:31:01;53
01-31-2019 05:32:01;56
01-31-2019 05:33:01;58
01-31-2019 05:35:01;63
01-31-2019 05:36:01;67
01-31-2019 05:38:01;73
01-31-2019 05:40:01;79
01-31-2019 05:42:01;85
01-31-2019 05:44:01;91
01-31-2019 05:46:01;96
01-31-2019 05:48:01;100
01-31-2019 07:26:11;0
01-31-2019 09:21:34;47
01-31-2019 09:22:02;31
01-31-2019 09:23:02;34
01-31-2019 09:24:02;37
01-31-2019 09:25:02;40
01-31-2019 09:26:02;43
01-31-2019 09:27:02;46
01-31-2019 11:30:01;33
01-31-2019 11:31:01;36
01-31-2019 11:32:01;39
01-31-2019 11:33:01;41
01-31-2019 11:34:01;44
01-31-2019 11:35:01;47
01-31-2019 11:36:01;50
01-31-2019 11:37:01;53
01-31-2019 11:38:01;56
01-31-2019 11:39:01;59
01-31-2019 11:41:01;65
01-31-2019 11:43:01;71
01-31-2019 11:45:01;77
01-31-2019 11:47:01;83
01-31-2019 11:49:01;89
01-31-2019 11:51:01;95
01-31-2019 11:53:01;100
02-05-2019 00:14:21;0
02-06-2019 06:37:01;1
02-06-2019 06:51:01;2
02-06-2019 07:00:01;3
02-06-2019 07:08:01;4
02-06-2019 07:20:01;5
02-06-2019 07:30:01;6
02-06-2019 07:40:01;7
02-06-2019 07:50:01;8
02-06-2019 07:55:01;9
02-06-2019 07:57:01;10
02-06-2019 07:59:01;9
02-06-2019 08:05:01;11
02-06-2019 08:11:01;12
02-06-2019 08:17:01;13
02-06-2019 08:21:01;14
02-06-2019 08:27:01;15
02-06-2019 08:33:01;16
02-06-2019 08:39:01;17
02-06-2019 08:43:01;18
02-06-2019 08:49:01;19
02-06-2019 08:55:01;20
02-06-2019 08:59:01;21
02-06-2019 09:01:01;22
02-06-2019 09:09:01;23
02-06-2019 09:15:01;24
02-06-2019 09:17:01;25
02-06-2019 09:21:01;26
02-06-2019 09:23:01;25
02-06-2019 09:25:01;27
02-06-2019 09:27:01;26
02-06-2019 09:29:01;28
02-06-2019 09:33:01;29
02-06-2019 09:35:01;28
02-06-2019 09:37:01;30
02-06-2019 09:39:01;29
02-06-2019 09:41:01;31
02-06-2019 09:45:01;32
02-06-2019 10:42:01;42
02-06-2019 10:44:01;41
02-06-2019 10:52:01;42
02-06-2019 11:10:01;43
02-06-2019 11:16:01;42
02-06-2019 11:18:01;43
02-06-2019 11:30:01;0
02-06-2019 14:49:01;33
02-06-2019 14:57:01;34
02-06-2019 15:01:01;35
02-06-2019 15:07:01;37
02-06-2019 15:19:01;38
02-06-2019 15:25:01;39
02-21-2019 04:09:02;82
02-21-2019 04:11:02;85
02-21-2019 04:13:02;88
02-21-2019 04:15:02;91
02-21-2019 04:17:02;95
02-21-2019 04:19:02;99
02-21-2019 04:21:02;100
02-21-2019 08:31:42;36
02-21-2019 08:32:02;39
02-21-2019 08:33:02;22
02-21-2019 08:34:02;23
02-21-2019 08:35:02;25
02-21-2019 08:36:02;27
02-21-2019 08:37:02;28
02-21-2019 08:38:02;30
02-21-2019 08:39:02;32
02-21-2019 08:40:02;33
02-21-2019 08:42:02;37
02-21-2019 08:44:02;40
02-21-2019 08:46:02;43
02-21-2019 08:48:02;46
02-21-2019 08:50:02;50
02-21-2019 08:52:02;53
02-21-2019 08:54:02;56
02-21-2019 08:56:02;60
02-21-2019 08:58:02;63
02-21-2019 09:00:02;66
02-21-2019 09:02:02;70
02-21-2019 09:04:02;74
02-21-2019 09:06:02;76
02-25-2019 10:30:00;33
02-25-2019 10:31:02;36
02-25-2019 10:32:02;23
02-25-2019 10:33:02;24
02-25-2019 10:34:02;26
02-25-2019 10:35:02;27
02-25-2019 10:36:02;29
02-25-2019 10:37:02;30
02-25-2019 10:38:02;32
02-25-2019 10:48:02;17
02-25-2019 10:49:02;18
02-25-2019 10:50:02;20
02-25-2019 10:51:02;21
02-25-2019 10:52:02;23
02-25-2019 10:53:02;24
02-25-2019 10:55:02;26
02-25-2019 10:56:02;28
02-25-2019 10:57:02;29
02-25-2019 10:59:02;32
02-25-2019 11:01:02;35
02-25-2019 11:03:02;37
02-25-2019 11:05:02;40
02-25-2019 11:07:02;43
02-25-2019 11:09:02;46
02-25-2019 11:11:02;49
02-25-2019 11:13:02;52
02-25-2019 11:15:02;54
02-25-2019 11:17:02;57
02-25-2019 11:19:02;60
02-25-2019 11:21:02;63
02-25-2019 11:23:02;66
02-25-2019 11:25:02;69
02-25-2019 11:27:02;71
02-25-2019 11:29:02;74
02-25-2019 11:31:02;77
02-25-2019 11:33:02;80
02-25-2019 11:35:02;83
02-25-2019 11:37:02;86
02-25-2019 11:39:02;88
02-25-2019 11:41:02;91
02-25-2019 11:43:02;94
02-25-2019 11:45:02;97
02-25-2019 11:47:02;100
02-28-2019 10:39:01;100
02-28-2019 10:42:21;79
02-28-2019 10:43:01;85
02-28-2019 10:44:01;91
02-28-2019 10:45:01;97
02-28-2019 10:47:01;100
03-15-2019 12:01:02;1
03-15-2019 12:02:02;3
03-15-2019 12:03:02;7
03-15-2019 12:04:02;6
03-15-2019 12:05:02;4
03-15-2019 12:07:02;3
03-15-2019 12:08:02;2
03-15-2019 12:09:02;1
03-15-2019 12:10:02;0
03-15-2019 13:36:02;2
03-15-2019 13:37:02;5
03-15-2019 13:38:02;4
03-15-2019 13:39:02;2
03-15-2019 13:40:02;1
03-15-2019 13:41:02;0
03-15-2019 14:15:02;1
03-15-2019 14:16:02;3
03-15-2019 14:17:02;2
03-15-2019 14:19:02;0
03-15-2019 14:51:02;1
03-15-2019 14:52:02;2
03-15-2019 14:53:02;5
03-15-2019 14:55:02;6
03-15-2019 14:56:02;7
03-15-2019 14:57:02;8
03-15-2019 14:59:02;10
03-15-2019 15:01:02;11
03-15-2019 15:02:02;13
03-15-2019 15:05:02;12
03-15-2019 15:08:02;11
03-15-2019 15:10:02;12
03-15-2019 15:12:02;14
03-15-2019 15:15:02;13
03-15-2019 15:18:02;16
03-15-2019 15:21:02;18
03-15-2019 15:22:02;20
03-15-2019 15:23:02;22
03-15-2019 15:24:02;24
03-15-2019 15:25:02;27
03-15-2019 15:27:02;30
03-15-2019 15:29:02;31
03-15-2019 15:30:02;33
03-15-2019 15:32:02;35
03-15-2019 15:33:02;37
03-15-2019 15:35:02;39
03-15-2019 15:37:02;40
03-15-2019 15:39:02;42
03-15-2019 15:41:02;43
03-15-2019 15:43:02;44
03-15-2019 15:45:02;47
03-15-2019 15:47:02;51
03-15-2019 15:49:02;53
03-15-2019 15:51:02;52
03-15-2019 15:52:02;55
03-15-2019 15:54:02;58
03-15-2019 15:56:02;59
03-15-2019 16:00:02;58
03-15-2019 16:02:02;57
03-15-2019 16:04:00;56
03-15-2019 16:06:02;55
03-15-2019 16:10:02;53
03-15-2019 16:12:02;52
03-15-2019 16:16:02;50
03-15-2019 16:18:02;48
03-15-2019 16:20:02;47
03-15-2019 16:22:02;46
03-15-2019 16:24:02;45
03-15-2019 16:26:02;44
03-15-2019 16:28:02;42
03-15-2019 16:30:02;41
03-15-2019 16:32:02;39
03-15-2019 16:34:02;38
03-15-2019 16:36:02;37
03-15-2019 16:38:02;35
03-15-2019 16:40:02;34
03-15-2019 16:42:02;32
03-15-2019 16:44:02;31
03-15-2019 16:46:02;30
03-15-2019 16:48:02;28
03-15-2019 16:50:02;27
03-15-2019 16:52:02;25
03-15-2019 16:54:02;24
03-15-2019 16:56:02;22
03-15-2019 16:57:02;0
03-16-2019 06:18:02;1
03-16-2019 06:43:02;2
03-16-2019 07:01:02;3
03-16-2019 07:15:02;4
03-16-2019 07:16:22;5
03-16-2019 07:20:02;6
03-16-2019 07:26:02;7
03-16-2019 07:32:02;8
03-16-2019 07:36:02;9
03-16-2019 07:42:02;10
03-16-2019 07:48:02;11
03-16-2019 07:54:02;12
03-16-2019 07:57:02;13
03-16-2019 07:59:02;14
03-16-2019 08:01:02;15
03-16-2019 08:03:00;14
03-16-2019 08:07:02;16
03-16-2019 08:09:02;15
03-16-2019 08:11:02;17
03-16-2019 08:15:02;18
03-16-2019 08:17:02;19
03-16-2019 08:21:02;20
03-16-2019 08:23:02;21
03-16-2019 08:27:02;22
03-16-2019 08:29:02;23
03-16-2019 08:33:02;24
03-16-2019 08:35:02;25
03-16-2019 08:39:02;26
03-16-2019 08:41:02;27
03-16-2019 08:45:02;28
03-16-2019 08:47:02;29
03-16-2019 08:51:02;30
03-16-2019 08:53:02;31
03-16-2019 08:57:02;32
03-16-2019 08:59:02;33
03-16-2019 09:03:02;34
03-16-2019 09:05:02;35
03-16-2019 09:09:02;36
03-16-2019 09:13:02;37
03-16-2019 09:15:02;38
03-16-2019 09:17:02;39
03-16-2019 09:19:02;40
03-16-2019 09:23:02;41
03-16-2019 09:25:02;42
03-16-2019 09:27:02;43
03-16-2019 09:31:02;44
03-16-2019 09:33:02;45
03-16-2019 09:35:02;46
03-16-2019 09:39:02;47
03-16-2019 09:41:02;48
03-16-2019 09:43:02;49
03-16-2019 09:47:02;50
03-16-2019 09:49:02;52
03-16-2019 09:51:02;53
03-16-2019 09:53:02;54
03-16-2019 09:57:02;56
03-16-2019 09:59:02;57
03-16-2019 10:01:02;58
03-16-2019 10:05:02;59
03-16-2019 10:07:02;60
03-16-2019 10:09:02;61
03-16-2019 10:11:02;62
03-16-2019 10:13:02;63
03-16-2019 10:15:02;64
03-16-2019 10:17:02;65
03-16-2019 10:19:02;66
03-16-2019 10:21:02;67
03-16-2019 10:23:02;68
03-16-2019 10:25:02;69
03-16-2019 10:27:02;70
03-16-2019 10:31:02;73
03-16-2019 10:37:02;76
03-16-2019 10:39:02;75
03-16-2019 10:41:02;76
03-16-2019 10:43:02;79
03-16-2019 10:45:02;80
03-16-2019 10:47:02;81
03-16-2019 10:49:02;82
03-16-2019 10:51:02;83
03-16-2019 10:53:02;84
03-16-2019 10:55:02;85
03-16-2019 10:57:02;86
03-16-2019 10:59:02;88
03-16-2019 11:01:02;89
03-16-2019 11:03:02;90
03-16-2019 11:05:02;91
03-16-2019 11:07:02;92
03-16-2019 11:09:02;93
03-16-2019 11:11:02;94
03-16-2019 11:13:02;95
03-16-2019 11:15:02;98
03-16-2019 11:17:02;100
03-16-2019 19:29:02;0
03-17-2019 04:12:02;2
03-17-2019 04:16:02;3
03-17-2019 04:20:02;4
03-17-2019 04:28:02;3
03-17-2019 04:30:02;5
03-17-2019 04:38:02;6
03-17-2019 04:46:02;7
03-17-2019 04:54:02;8
03-17-2019 05:02:02;9
03-17-2019 05:08:02;10
03-17-2019 05:16:02;11
03-17-2019 05:22:02;12
03-17-2019 05:30:02;13
03-17-2019 05:38:02;14
03-17-2019 05:44:02;15
03-17-2019 05:52:02;16
03-17-2019 05:58:02;17
03-17-2019 06:06:02;19
03-17-2019 06:08:02;18
03-17-2019 06:12:02;20
03-17-2019 06:20:02;22
03-17-2019 06:22:02;21
03-17-2019 06:26:02;22
03-17-2019 06:28:02;23
03-17-2019 06:34:02;24
03-17-2019 06:36:02;25
03-17-2019 06:40:02;26
03-17-2019 06:44:02;27
03-17-2019 06:48:02;28
03-17-2019 06:52:02;29
03-17-2019 06:56:02;30
03-17-2019 07:00:02;31
03-17-2019 07:04:02;32
03-17-2019 07:08:02;33
03-17-2019 07:12:02;34
03-17-2019 07:16:02;35
03-17-2019 07:20:02;36
03-17-2019 07:24:02;37
03-17-2019 07:26:02;38
03-17-2019 07:30:02;39
03-17-2019 07:34:02;40
03-17-2019 07:38:02;41
03-17-2019 07:40:02;42
03-17-2019 07:46:02;44
03-17-2019 07:52:02;45
03-17-2019 07:54:02;46
03-17-2019 07:56:02;47
03-17-2019 07:58:02;48
03-17-2019 08:00:02;49
03-17-2019 08:08:02;51
03-17-2019 08:10:02;52
03-17-2019 08:14:02;53
03-17-2019 08:16:02;54
03-17-2019 08:18:02;55
03-17-2019 08:20:02;56
03-17-2019 08:24:02;57
03-17-2019 08:26:02;58
03-17-2019 08:28:02;59
03-17-2019 08:32:02;60
03-17-2019 08:34:02;61
03-17-2019 08:36:02;62
03-17-2019 08:40:02;63
03-17-2019 08:42:00;64
03-17-2019 08:44:02;65
03-17-2019 08:48:02;66
03-17-2019 08:49:02;1
03-17-2019 08:50:02;67
03-17-2019 08:50:02;2
03-17-2019 08:51:02;1
03-17-2019 08:52:02;68
03-17-2019 08:53:02;2
03-17-2019 08:55:02;1
03-17-2019 08:56:02;69
03-17-2019 08:58:02;70
03-17-2019 09:00:02;71
03-17-2019 09:00:02;2
03-17-2019 09:02:02;1
03-17-2019 09:04:02;72
03-17-2019 09:06:02;73
03-17-2019 09:06:02;2
03-17-2019 09:08:02;74
03-17-2019 09:10:02;3
03-17-2019 09:12:02;75
03-17-2019 09:14:02;76
03-17-2019 09:16:02;77
03-17-2019 09:20:02;78
03-17-2019 09:22:02;79
03-17-2019 09:24:02;80
03-17-2019 09:26:02;81
03-17-2019 09:30:02;82
03-17-2019 09:32:02;83
03-17-2019 09:34:02;84
03-17-2019 09:38:02;85
03-17-2019 09:40:02;86
03-17-2019 09:42:02;87
03-17-2019 09:46:02;88
03-17-2019 09:48:02;89
03-17-2019 09:50:02;90
03-17-2019 09:52:02;91
03-17-2019 09:56:02;92
03-17-2019 09:58:02;93
03-17-2019 10:00:02;94
03-17-2019 10:04:02;95
03-17-2019 10:06:02;96
03-17-2019 10:08:02;97
03-17-2019 10:12:02;98
03-17-2019 10:14:02;99
03-17-2019 10:16:02;100
03-17-2019 15:25:02;0
03-18-2019 06:01:02;1
03-18-2019 06:16:14;0
03-18-2019 06:22:02;1
03-18-2019 06:24:02;0
03-18-2019 06:26:02;1
03-18-2019 06:31:02;2
03-18-2019 06:34:02;0
03-18-2019 06:36:02;1
03-18-2019 06:41:00;2
03-18-2019 06:51:02;3
03-18-2019 07:01:02;4
03-18-2019 07:13:02;5
03-18-2019 07:18:02;6
03-18-2019 07:20:02;5
03-18-2019 07:22:02;6
03-18-2019 07:26:02;7
03-18-2019 07:28:02;6
03-18-2019 07:30:02;7
03-18-2019 07:40:02;9
03-18-2019 07:46:02;10
03-18-2019 07:52:00;11
03-18-2019 07:56:02;12
03-18-2019 08:02:02;13
03-18-2019 08:08:02;14
03-18-2019 08:12:02;15
03-18-2019 08:18:02;16
03-18-2019 08:24:02;17
03-18-2019 08:30:02;18
03-18-2019 08:36:02;19
03-18-2019 08:40:02;21
03-18-2019 08:42:02;20
03-18-2019 08:43:02;21
03-18-2019 08:49:02;22
03-18-2019 08:51:02;23
03-18-2019 08:53:02;22
03-18-2019 08:55:02;24
03-18-2019 08:57:02;23
03-18-2019 08:59:02;24
03-18-2019 09:01:02;25
03-18-2019 09:03:02;26
03-18-2019 09:07:02;27
03-18-2019 09:11:02;28
03-18-2019 09:13:02;29
03-18-2019 09:17:02;30
03-18-2019 09:21:02;31
03-18-2019 09:25:02;32
03-18-2019 09:29:02;33
03-18-2019 09:33:02;34
03-18-2019 09:35:02;35
03-18-2019 09:39:02;37
03-18-2019 09:43:02;38
03-18-2019 09:45:02;39
03-18-2019 09:47:02;40
03-18-2019 09:51:02;41
03-18-2019 09:53:02;42
03-18-2019 09:55:02;43
03-18-2019 09:59:02;44
03-18-2019 10:01:02;45
03-18-2019 10:03:02;46
03-18-2019 10:07:02;47
03-18-2019 10:09:02;48
03-18-2019 10:11:02;49
03-18-2019 10:15:02;50
03-18-2019 10:17:02;51
03-18-2019 10:19:02;52
03-18-2019 10:23:02;53
03-18-2019 10:25:02;54
03-18-2019 10:27:02;55
03-18-2019 10:31:02;56
03-18-2019 10:33:02;57
03-18-2019 10:35:02;58
03-18-2019 10:39:02;59
03-18-2019 10:41:02;60
03-18-2019 10:43:02;61
03-18-2019 10:47:02;62
03-18-2019 10:49:02;63
03-18-2019 10:51:02;64
03-18-2019 10:53:02;63
03-18-2019 10:55:02;65
03-18-2019 10:57:02;64
03-18-2019 10:59:02;65
03-18-2019 11:01:02;67
03-18-2019 11:07:02;68
03-18-2019 11:11:02;69
03-18-2019 11:13:02;70
03-18-2019 11:15:02;71
03-18-2019 11:21:02;72
03-18-2019 11:25:02;73
03-18-2019 11:29:02;74
03-18-2019 11:33:02;75
03-18-2019 11:35:02;76
03-18-2019 11:39:02;77
03-18-2019 21:39:01;1
03-18-2019 21:41:01;0
03-18-2019 21:45:01;1
03-18-2019 21:51:01;2
03-18-2019 22:02:01;3
03-18-2019 22:13:01;5
03-18-2019 22:17:01;4
03-18-2019 22:21:01;5
03-18-2019 22:25:01;6
03-18-2019 22:27:01;7
03-18-2019 22:31:01;6
03-18-2019 22:33:01;7
03-18-2019 22:35:01;8
03-18-2019 22:37:01;7
03-18-2019 22:39:01;8
03-18-2019 22:43:01;9
03-18-2019 22:45:01;8
03-18-2019 22:47:01;10
03-18-2019 22:49:01;9
03-18-2019 22:57:01;10
03-18-2019 22:59:01;11
03-18-2019 23:03:01;10
03-18-2019 23:05:01;11
03-18-2019 23:15:01;12
03-18-2019 23:23:01;13
03-18-2019 23:31:01;12
03-18-2019 23:33:01;14
03-18-2019 23:35:01;13
03-18-2019 23:39:01;14
03-18-2019 23:53:01;15
03-18-2019 23:55:01;14
03-19-2019 00:16:11;0
03-19-2019 01:03:01;1
03-19-2019 01:09:01;2
03-19-2019 01:22:01;3
03-19-2019 01:25:01;4
03-19-2019 01:27:01;3
03-19-2019 01:31:01;4
03-19-2019 01:33:01;5
03-19-2019 01:37:01;6
03-19-2019 01:43:01;7
03-19-2019 01:49:01;8
03-19-2019 01:53:01;9
03-19-2019 01:59:01;10
03-19-2019 03:06:01;32
03-19-2019 03:08:01;33
03-19-2019 03:12:01;34
03-19-2019 03:14:01;35
03-19-2019 03:16:01;36
03-19-2019 03:20:01;37
03-19-2019 03:22:01;39
03-19-2019 03:24:01;40
03-19-2019 03:26:01;41
03-19-2019 03:30:01;42
03-19-2019 03:32:01;43
03-19-2019 03:34:01;44
03-19-2019 03:36:01;45
03-19-2019 03:38:01;46
03-19-2019 03:40:01;47
03-19-2019 03:42:01;49
03-19-2019 03:46:01;51
03-19-2019 03:48:01;52
03-19-2019 03:50:01;53
03-19-2019 03:52:01;54
03-19-2019 03:54:01;55
03-19-2019 03:56:01;57
03-19-2019 03:58:01;58
03-19-2019 04:00:01;59
03-19-2019 04:02:01;60
03-19-2019 04:04:01;61
03-19-2019 04:06:01;62
03-19-2019 04:08:01;63
03-19-2019 04:10:01;64
03-19-2019 04:12:01;65
03-19-2019 04:14:01;67
03-19-2019 04:16:01;69
03-19-2019 04:20:01;70
03-19-2019 04:22:01;71
03-19-2019 04:24:01;73
03-19-2019 04:26:01;74
03-19-2019 04:28:01;76
03-19-2019 04:30:01;77
03-19-2019 04:32:01;78
03-19-2019 04:34:01;80
03-19-2019 04:36:01;81
03-19-2019 04:38:01;82
03-19-2019 04:40:01;83
03-19-2019 04:42:01;85
03-19-2019 04:44:01;86
03-19-2019 04:46:01;87
03-19-2019 04:48:01;89
03-19-2019 04:50:01;90
03-19-2019 04:52:01;91
03-19-2019 04:54:01;92
03-19-2019 04:56:01;94
03-19-2019 04:58:01;95
03-19-2019 05:00:01;97
03-19-2019 05:02:01;99
03-19-2019 05:04:01;100
03-19-2019 07:05:01;11
03-19-2019 07:07:01;12
03-19-2019 07:09:01;13
03-19-2019 07:13:01;14
03-19-2019 07:17:01;15
03-19-2019 07:21:01;16
03-19-2019 07:25:01;17
03-19-2019 07:27:01;18
03-19-2019 07:31:01;19
03-19-2019 07:35:01;20
03-19-2019 07:37:01;21
03-19-2019 07:41:01;22
03-19-2019 07:43:01;23
03-19-2019 07:45:01;24
03-19-2019 07:47:01;25
03-19-2019 07:51:01;26
03-19-2019 07:53:01;27
03-19-2019 07:55:01;28
03-19-2019 07:59:01;29
03-19-2019 08:01:01;30
03-19-2019 15:03:01;0
03-19-2019 15:09:01;1
03-19-2019 15:13:01;0
03-20-2019 01:28:01;1
03-20-2019 01:32:01;0
03-20-2019 01:36:01;1
03-20-2019 01:38:01;0
03-20-2019 01:40:01;1
03-20-2019 01:57:01;2
03-20-2019 03:03:01;13
03-20-2019 03:07:01;14
03-20-2019 03:11:01;15
03-20-2019 03:17:01;16
03-20-2019 03:20:01;17
03-20-2019 03:22:01;18
03-20-2019 03:30:01;20
03-20-2019 03:34:01;21
03-20-2019 03:38:01;22
03-20-2019 03:40:01;23
03-20-2019 03:44:01;24
03-20-2019 03:48:01;25
03-20-2019 03:50:01;26
03-20-2019 03:54:01;27
03-20-2019 03:58:01;28
03-20-2019 04:00:01;30
03-20-2019 04:04:01;31
03-20-2019 04:06:01;32
03-20-2019 04:08:01;33
03-20-2019 04:12:01;34
03-20-2019 04:14:01;35
03-20-2019 04:16:01;36
03-20-2019 04:20:01;37
03-20-2019 04:24:01;38
03-20-2019 04:26:01;39
03-20-2019 04:28:01;40
03-20-2019 04:32:01;41
03-20-2019 04:34:01;43
03-20-2019 04:36:01;44
03-20-2019 04:38:01;45
03-20-2019 04:40:01;46
03-20-2019 04:44:01;47
03-20-2019 04:46:01;48
03-20-2019 04:48:01;49
03-20-2019 04:50:01;50
03-20-2019 04:52:01;51
03-20-2019 04:54:01;52
03-20-2019 04:56:01;53
03-20-2019 04:58:01;54
03-20-2019 05:00:01;55
03-20-2019 05:04:01;56
03-20-2019 05:06:01;57
03-20-2019 05:08:01;58
03-20-2019 05:10:01;59
03-20-2019 05:12:01;60
03-20-2019 05:14:01;61
03-20-2019 05:16:01;63
03-20-2019 05:22:01;65
03-20-2019 05:24:01;66
03-20-2019 05:26:01;67
03-20-2019 05:30:01;69
03-20-2019 05:32:01;70
03-20-2019 05:34:01;71
03-20-2019 05:36:01;73
03-20-2019 05:38:01;74
03-20-2019 05:40:01;75
03-20-2019 05:42:01;76
03-20-2019 05:44:01;77
03-20-2019 05:46:01;78
03-20-2019 05:48:01;79
03-20-2019 05:50:01;80
03-20-2019 05:52:01;81
03-20-2019 05:54:01;83
03-20-2019 05:58:01;85
03-20-2019 06:00:01;87
03-20-2019 06:04:01;89
03-20-2019 06:06:01;90
03-20-2019 06:08:01;91
03-20-2019 06:10:01;93
03-20-2019 06:12:01;94
03-20-2019 06:14:01;95
03-20-2019 06:16:01;96
03-20-2019 06:18:01;97
03-20-2019 06:20:01;99
03-20-2019 06:22:01;100
03-20-2019 07:10:01;3
03-20-2019 07:12:01;4
03-20-2019 07:22:01;5
03-20-2019 07:30:01;6
03-20-2019 07:38:01;7
03-20-2019 07:42:01;8
03-20-2019 07:44:01;9
03-20-2019 07:48:01;10
03-20-2019 07:54:01;11
03-20-2019 07:58:01;12
03-20-2019 15:05:49;12
