Time;Natural ventilation, Roof, Zone 31 - Rm. 3-2, South Office, Room sensor celsius
08-27-2018 23:14:58;27.3999996185303
08-28-2018 00:59:28;27.1800003051758
08-28-2018 02:25:24;26.9599990844727
08-28-2018 03:48:16;26.6800003051758
08-28-2018 07:11:16;26.4799995422363
08-28-2018 08:21:37;26.7399997711182
08-28-2018 09:24:06;27.0200004577637
08-28-2018 10:09:40;27.2999992370605
08-28-2018 10:15:09;27.5
08-28-2018 10:49:30;27.7399997711182
08-28-2018 10:51:12;27.9400005340576
08-28-2018 10:54:22;28.2399997711182
08-28-2018 10:58:51;28.4599990844727
08-28-2018 11:02:45;28.6599998474121
08-28-2018 11:06:19;28.8600006103516
08-28-2018 11:15:08;29.1399993896484
08-28-2018 11:28:47;29.3799991607666
08-28-2018 11:41:33;29.6599998474121
08-28-2018 11:52:44;29.9200000762939
08-28-2018 12:02:24;30.1200008392334
08-28-2018 12:34:04;30.3400001525879
08-28-2018 12:37:18;30.5400009155273
08-28-2018 12:46:38;30.7999992370605
08-28-2018 12:50:27;31
08-28-2018 13:27:35;31.2600002288818
08-28-2018 14:03:47;31.5400009155273
08-28-2018 14:26:26;31.7800006866455
08-28-2018 14:51:09;32
08-28-2018 14:55:52;31.7999992370605
08-28-2018 15:01:06;32.0200004577637
08-28-2018 15:35:38;32.2599983215332
08-28-2018 16:51:08;32.4599990844727
08-28-2018 17:19:28;32.2400016784668
08-28-2018 18:12:25;32.0400009155273
08-28-2018 19:01:09;31.8400001525879
08-28-2018 19:20:38;31.6399993896484
08-28-2018 19:29:17;31.3400001525879
08-28-2018 19:32:55;31.5599994659424
08-28-2018 20:43:10;31.2800006866455
08-28-2018 21:33:03;31.0799999237061
08-28-2018 22:04:12;30.8799991607666
08-28-2018 22:49:51;30.6399993896484
08-28-2018 23:53:50;30.3600006103516
08-29-2018 01:24:06;30.1599998474121
08-29-2018 02:14:09;29.9599990844727
08-29-2018 03:59:14;29.7399997711182
08-29-2018 04:56:18;29.5
08-29-2018 06:55:28;29.2999992370605
08-29-2018 08:45:15;29.1800003051758
08-29-2018 08:59:47;28.8999996185303
08-29-2018 09:30:55;29.1000003814697
08-29-2018 09:49:38;29.3199996948242
08-29-2018 10:08:01;29.5599994659424
08-29-2018 11:35:06;29.7600002288818
08-29-2018 11:51:27;30.0400009155273
08-29-2018 12:36:49;30.3199996948242
08-29-2018 13:10:37;30.5400009155273
08-29-2018 13:49:49;30.8199996948242
08-29-2018 14:32:20;31.0200004577637
08-29-2018 15:10:38;31.2399997711182
08-29-2018 17:09:16;31.4400005340576
08-29-2018 18:02:07;31.6800003051758
08-29-2018 21:02:32;31.4799995422363
08-29-2018 22:06:15;31.2399997711182
08-29-2018 23:18:49;31.0200004577637
08-30-2018 01:08:14;30.8199996948242
08-30-2018 02:53:21;30.6000003814697
08-30-2018 04:23:26;30.3600006103516
08-30-2018 07:33:19;30.1599998474121
08-30-2018 07:48:17;29.9400005340576
08-30-2018 07:49:19;29.7399997711182
08-30-2018 07:50:46;29.4400005340576
08-30-2018 07:51:56;29.2399997711182
08-30-2018 07:56:40;28.9200000762939
08-30-2018 08:00:00;28.7199993133545
08-30-2018 08:02:02;28.9200000762939
08-30-2018 08:03:16;29.1200008392334
08-30-2018 08:08:54;29.4599990844727
08-30-2018 08:14:19;29.6599998474121
08-30-2018 08:18:35;29.8600006103516
08-30-2018 08:22:05;29.6599998474121
08-30-2018 08:22:51;29.4599990844727
08-30-2018 08:24:43;29.1599998474121
08-30-2018 08:26:01;28.9599990844727
08-30-2018 08:31:10;29.1599998474121
08-30-2018 09:03:51;29.3799991607666
08-30-2018 09:38:47;29.1599998474121
08-30-2018 10:28:48;29.3999996185303
08-30-2018 10:53:09;29.6200008392334
08-30-2018 11:05:58;29.8400001525879
08-30-2018 11:13:40;30.0400009155273
08-30-2018 11:39:05;30.2800006866455
08-30-2018 12:09:19;30.5799999237061
08-30-2018 12:13:46;30.7800006866455
08-30-2018 12:18:10;30.5799999237061
08-30-2018 12:26:20;30.7800006866455
08-30-2018 12:45:41;30.5799999237061
08-30-2018 13:11:31;30.8199996948242
08-30-2018 13:17:55;31.0200004577637
08-30-2018 13:26:30;31.2800006866455
08-30-2018 14:33:41;30.8799991607666
08-30-2018 14:56:43;30.6599998474121
08-30-2018 15:34:16;30.4599990844727
08-30-2018 16:03:52;30.2199993133545
08-30-2018 17:23:36;29.9799995422363
08-30-2018 18:08:39;29.7600002288818
08-30-2018 18:36:10;29.4799995422363
08-30-2018 19:12:12;29.2000007629395
08-30-2018 19:49:48;28.9200000762939
08-30-2018 20:25:23;28.7000007629395
08-30-2018 20:52:27;28.4400005340576
08-30-2018 21:53:42;28.2399997711182
08-30-2018 22:04:25;28.0200004577637
08-30-2018 22:11:37;27.8199996948242
08-30-2018 22:41:04;27.6000003814697
08-30-2018 23:04:32;27.3799991607666
08-30-2018 23:27:49;27.1399993896484
08-31-2018 00:03:07;26.8600006103516
08-31-2018 00:23:44;26.6200008392334
08-31-2018 00:52:00;26.3799991607666
08-31-2018 01:05:55;26.1200008392334
08-31-2018 02:11:04;25.8400001525879
08-31-2018 02:34:45;25.6200008392334
08-31-2018 02:58:27;25.4200000762939
08-31-2018 03:39:19;25.2199993133545
08-31-2018 04:20:23;24.9599990844727
08-31-2018 04:54:59;24.7199993133545
08-31-2018 05:28:52;24.4400005340576
08-31-2018 07:11:37;24.7000007629395
08-31-2018 10:04:15;24.4200000762939
08-31-2018 10:09:38;24.6200008392334
08-31-2018 10:33:25;24.3999996185303
08-31-2018 11:27:21;24.6000003814697
08-31-2018 12:47:21;24.8400001525879
08-31-2018 13:11:43;25.0400009155273
08-31-2018 13:48:40;25.2999992370605
08-31-2018 14:39:41;25.5200004577637
08-31-2018 15:17:37;25.7600002288818
08-31-2018 16:59:12;25.5599994659424
08-31-2018 17:32:46;25.7600002288818
08-31-2018 19:39:16;25.5599994659424
08-31-2018 20:54:19;25.3400001525879
08-31-2018 21:59:22;25.1200008392334
08-31-2018 22:24:23;24.8999996185303
08-31-2018 22:44:19;24.6599998474121
08-31-2018 23:02:09;24.4200000762939
09-01-2018 00:57:34;24.2199993133545
09-01-2018 01:12:35;24
09-01-2018 03:27:41;23.7999992370605
09-01-2018 06:10:47;23.5799999237061
09-01-2018 11:43:08;23.7800006866455
09-01-2018 12:06:57;24.0400009155273
09-01-2018 12:41:30;24.3400001525879
09-01-2018 13:13:28;24.5400009155273
09-01-2018 13:50:43;24.7800006866455
09-01-2018 14:20:13;25.0599994659424
09-01-2018 15:30:17;24.8400001525879
09-01-2018 15:42:31;25.0599994659424
09-01-2018 17:32:40;24.8199996948242
09-01-2018 18:58:14;24.6000003814697
09-01-2018 19:54:54;24.3999996185303
09-01-2018 22:03:46;24.1599998474121
09-01-2018 22:38:47;23.9400005340576
09-01-2018 23:10:04;23.7399997711182
09-02-2018 00:05:07;23.5
09-02-2018 00:39:43;23.2600002288818
09-02-2018 01:22:01;23.0599994659424
09-02-2018 02:15:22;22.8400001525879
09-02-2018 03:43:57;22.6399993896484
09-02-2018 08:34:08;22.3999996185303
09-02-2018 10:00:46;22.6599998474121
09-02-2018 10:29:33;22.8600006103516
09-02-2018 10:45:14;23.0799999237061
09-02-2018 11:08:55;23.2800006866455
09-02-2018 11:21:41;23.5
09-02-2018 11:35:33;23.7199993133545
09-02-2018 11:46:52;24
09-02-2018 12:01:52;24.2199993133545
09-02-2018 12:11:33;24.4200000762939
09-02-2018 12:28:18;24.6399993896484
09-02-2018 12:33:44;24.8400001525879
09-02-2018 12:48:23;25.0400009155273
09-02-2018 13:01:43;25.2999992370605
09-02-2018 13:14:18;25.5200004577637
09-02-2018 13:23:04;25.7600002288818
09-02-2018 13:33:33;26.0599994659424
09-02-2018 13:40:13;26.2600002288818
09-02-2018 14:11:41;26.5200004577637
09-02-2018 14:14:49;26.7399997711182
09-02-2018 14:44:52;26.9599990844727
09-02-2018 15:20:32;27.1599998474121
09-02-2018 15:48:16;27.3999996185303
09-02-2018 17:08:24;27.1399993896484
09-02-2018 17:43:26;26.8999996185303
09-02-2018 18:33:28;26.6599998474121
09-02-2018 19:07:04;26.3999996185303
09-02-2018 20:10:51;26.1599998474121
09-02-2018 20:44:20;25.9400005340576
09-02-2018 21:59:24;25.7399997711182
09-02-2018 22:11:26;25.4799995422363
09-02-2018 22:30:43;25.2600002288818
09-02-2018 22:50:43;25.0599994659424
09-02-2018 23:30:45;24.7800006866455
09-03-2018 00:14:02;24.5200004577637
09-03-2018 00:57:02;24.3199996948242
09-03-2018 01:23:43;24.0200004577637
09-03-2018 02:42:58;23.8199996948242
09-03-2018 04:50:27;23.5400009155273
09-03-2018 07:18:34;23.7800006866455
09-03-2018 08:54:22;24
09-03-2018 09:19:24;24.2199993133545
09-03-2018 09:38:09;24.4599990844727
09-03-2018 09:47:37;24.6599998474121
09-03-2018 10:06:02;24.8799991607666
09-03-2018 10:13:21;25.0799999237061
09-03-2018 10:34:22;25.3600006103516
09-03-2018 10:47:10;25.5799999237061
09-03-2018 10:54:16;25.7800006866455
09-03-2018 11:05:25;26.0599994659424
09-03-2018 11:19:12;26.2600002288818
09-03-2018 11:29:02;26.5400009155273
09-03-2018 11:42:25;26.7600002288818
09-03-2018 11:52:49;26.9799995422363
09-03-2018 12:03:04;27.2199993133545
09-03-2018 12:09:37;27.4599990844727
09-03-2018 12:23:22;27.7000007629395
09-03-2018 12:37:21;27.9599990844727
09-03-2018 12:50:04;28.2000007629395
09-03-2018 12:55:06;28.4200000762939
09-03-2018 13:10:59;28.7000007629395
09-03-2018 13:18:57;29
09-03-2018 13:39:36;29.2800006866455
09-03-2018 14:00:25;29.5
09-03-2018 14:34:01;29.7399997711182
09-03-2018 14:40:13;29.9599990844727
09-03-2018 15:22:41;30.2399997711182
09-03-2018 15:50:17;30.5200004577637
09-03-2018 17:08:15;30.7399997711182
09-03-2018 18:29:29;30.5200004577637
09-03-2018 19:00:16;30.2399997711182
09-03-2018 19:33:20;30
09-03-2018 20:08:22;29.7800006866455
09-03-2018 20:48:24;29.5799999237061
09-03-2018 21:24:26;29.2999992370605
09-03-2018 22:22:17;29.0400009155273
09-03-2018 22:46:27;28.8400001525879
09-03-2018 23:18:48;28.6000003814697
09-04-2018 00:00:03;28.3999996185303
09-04-2018 00:50:06;28.1800003051758
09-04-2018 01:29:38;27.9400005340576
09-04-2018 02:23:35;27.6800003051758
09-04-2018 03:04:39;27.4799995422363
09-04-2018 05:04:29;27.2600002288818
09-04-2018 05:58:06;27.0599994659424
09-04-2018 09:23:00;27.2600002288818
09-04-2018 09:57:05;27.5
09-04-2018 10:27:06;27.7000007629395
09-04-2018 10:43:09;27.9799995422363
09-04-2018 10:57:50;28.2000007629395
09-04-2018 11:21:13;28.4599990844727
09-04-2018 11:35:54;28.7800006866455
09-04-2018 11:57:40;28.5799999237061
09-04-2018 12:18:38;28.7999992370605
09-04-2018 12:38:01;29.0400009155273
09-04-2018 12:53:01;29.2999992370605
09-04-2018 13:13:01;29.5200004577637
09-04-2018 13:41:48;29.7399997711182
09-04-2018 13:47:46;29.4400005340576
09-04-2018 18:44:04;29.2199993133545
09-04-2018 19:34:07;28.9799995422363
09-04-2018 20:33:05;28.7600002288818
09-04-2018 21:30:04;28.5599994659424
09-04-2018 22:11:44;28.3400001525879
09-04-2018 22:27:45;28.1399993896484
09-04-2018 22:54:02;27.9200000762939
09-04-2018 23:00:35;27.7199993133545
09-05-2018 00:00:28;27.4200000762939
09-05-2018 00:32:38;27.2199993133545
09-05-2018 00:54:55;26.9799995422363
09-05-2018 02:11:09;26.7399997711182
09-05-2018 03:07:32;26.4599990844727
09-05-2018 03:24:34;26.4599990844727
09-05-2018 04:22:34;26.2199993133545
09-05-2018 06:07:07;26
09-05-2018 06:35:19;25.7600002288818
09-05-2018 07:49:47;25.4799995422363
09-05-2018 08:27:20;25.2399997711182
09-05-2018 08:37:25;25.4400005340576
09-05-2018 08:48:34;25.2000007629395
09-05-2018 09:15:25;25.4200000762939
09-05-2018 10:00:15;25.6599998474121
09-05-2018 10:18:32;25.9400005340576
09-05-2018 10:32:13;26.1599998474121
09-05-2018 10:48:13;26.3999996185303
09-05-2018 11:06:34;26.6200008392334
09-05-2018 11:23:03;26.8600006103516
09-05-2018 11:35:52;27.1599998474121
09-05-2018 11:38:20;27.3600006103516
09-05-2018 11:51:21;27.6399993896484
09-05-2018 12:01:43;27.8999996185303
09-05-2018 12:12:56;28.1200008392334
09-05-2018 12:19:18;28.3400001525879
09-05-2018 12:25:49;28.5400009155273
09-05-2018 12:35:27;28.7999992370605
09-05-2018 12:48:48;29.0200004577637
09-05-2018 13:05:32;28.7999992370605
09-05-2018 13:14:55;29
09-05-2018 13:25:54;29.2000007629395
09-05-2018 13:42:41;29.4200000762939
09-05-2018 13:58:46;29.6800003051758
09-05-2018 14:09:14;29.9200000762939
09-05-2018 14:12:57;30.1200008392334
09-05-2018 14:20:05;30.3400001525879
09-05-2018 14:24:29;30.1399993896484
09-05-2018 14:33:26;30.3400001525879
09-05-2018 14:35:44;30.5400009155273
09-05-2018 14:58:35;30.8400001525879
09-05-2018 15:08:26;31.1000003814697
09-05-2018 15:52:26;30.8999996185303
09-05-2018 16:09:51;31.1200008392334
09-05-2018 17:43:57;30.9200000762939
09-05-2018 17:58:31;30.6800003051758
09-05-2018 18:07:24;30.4799995422363
09-05-2018 18:20:33;30.2600002288818
09-05-2018 18:25:17;30.0599994659424
09-05-2018 18:39:18;29.7999992370605
09-05-2018 19:09:08;29.5599994659424
09-05-2018 19:17:22;29.2600002288818
09-05-2018 19:42:32;28.9799995422363
09-05-2018 19:53:08;28.6599998474121
09-05-2018 19:56:18;28.4599990844727
09-05-2018 20:13:39;28.6800003051758
09-05-2018 20:27:44;28.3999996185303
09-05-2018 20:36:27;28.1000003814697
09-05-2018 20:57:38;27.8999996185303
09-05-2018 21:19:51;27.6599998474121
09-05-2018 21:37:38;27.4599990844727
09-05-2018 22:04:17;27.1800003051758
09-05-2018 22:29:08;26.9200000762939
09-05-2018 22:36:17;26.6800003051758
09-05-2018 22:48:01;26.4799995422363
09-05-2018 22:57:18;26.7199993133545
09-05-2018 23:07:50;26.4599990844727
09-05-2018 23:21:09;26.1599998474121
09-05-2018 23:32:55;26.3799991607666
09-05-2018 23:37:16;26.0599994659424
09-05-2018 23:48:34;26.2800006866455
09-06-2018 00:10:21;26.0200004577637
09-06-2018 00:16:54;25.8199996948242
09-06-2018 01:05:24;26.0200004577637
09-06-2018 01:31:51;25.7800006866455
09-06-2018 02:42:49;25.5400009155273
09-06-2018 02:59:30;25.3400001525879
09-06-2018 03:07:44;25.5400009155273
09-06-2018 03:08:56;25.3400001525879
09-06-2018 03:33:45;25.1200008392334
09-06-2018 05:48:06;24.9200000762939
09-06-2018 05:51:24;24.7199993133545
09-06-2018 05:56:10;24.9400005340576
09-06-2018 07:58:19;25.1599998474121
09-06-2018 08:31:23;25.3999996185303
09-06-2018 08:56:40;25.6399993896484
09-06-2018 09:12:49;25.8400001525879
09-06-2018 09:27:07;26.0599994659424
09-06-2018 09:37:36;26.2800006866455
09-06-2018 09:55:13;26.5400009155273
09-06-2018 10:06:25;26.7800006866455
09-06-2018 10:18:20;27.0799999237061
09-06-2018 10:28:30;27.2999992370605
09-06-2018 10:36:05;27.5
09-06-2018 10:46:11;27.7600002288818
09-06-2018 10:58:38;28.0200004577637
09-06-2018 11:09:30;28.3199996948242
09-06-2018 11:11:51;28.5200004577637
09-06-2018 11:24:59;28.7800006866455
09-06-2018 11:29:24;29
09-06-2018 11:50:33;29.2000007629395
09-06-2018 12:00:49;29.4200000762939
09-06-2018 12:06:24;29.6200008392334
09-06-2018 12:18:46;29.8400001525879
09-06-2018 12:33:19;30.1200008392334
09-06-2018 12:43:01;30.4200000762939
09-06-2018 12:50:38;30.6200008392334
09-06-2018 13:02:55;30.8400001525879
09-06-2018 13:18:12;31.0799999237061
09-06-2018 13:29:14;31.2800006866455
09-06-2018 13:48:47;31.5400009155273
09-06-2018 14:02:40;31.2600002288818
09-06-2018 14:23:13;31.5400009155273
09-06-2018 14:28:09;31.7600002288818
09-06-2018 15:02:37;32.0200004577637
09-06-2018 15:34:55;32.2400016784668
09-06-2018 15:42:27;32.5400009155273
09-06-2018 15:58:14;32.2400016784668
09-06-2018 15:59:56;32.0400009155273
09-06-2018 16:02:38;31.8400001525879
09-06-2018 16:06:08;31.6399993896484
09-06-2018 16:10:55;31.3400001525879
09-06-2018 16:15:17;31.1399993896484
09-06-2018 16:27:50;30.8999996185303
09-06-2018 16:45:33;30.6800003051758
09-06-2018 16:47:55;30.4799995422363
09-06-2018 17:04:18;30.2399997711182
09-06-2018 17:39:12;29.9400005340576
09-06-2018 18:06:27;29.6599998474121
09-06-2018 18:46:42;29.4599990844727
09-06-2018 19:21:43;29.2399997711182
09-06-2018 19:56:45;29
09-06-2018 20:16:46;28.7600002288818
09-06-2018 20:35:07;28.5200004577637
09-06-2018 21:04:56;28.3199996948242
09-06-2018 21:24:19;28.1000003814697
09-06-2018 21:33:39;27.8999996185303
09-06-2018 22:38:47;27.6000003814697
09-06-2018 23:04:30;27.3799991607666
09-06-2018 23:58:02;27.1200008392334
09-07-2018 00:56:41;26.8799991607666
09-07-2018 01:35:03;26.6000003814697
09-07-2018 02:23:15;26.3999996185303
09-07-2018 03:14:25;26.0799999237061
09-07-2018 04:09:28;25.7999992370605
09-07-2018 04:46:54;25.5400009155273
09-07-2018 05:11:07;25.3400001525879
09-07-2018 05:54:39;25.0599994659424
09-07-2018 06:37:13;24.8400001525879
09-07-2018 07:22:33;24.6399993896484
09-07-2018 07:59:18;24.3799991607666
09-07-2018 09:03:59;24.1399993896484
09-07-2018 18:39:16;23.8999996185303
09-07-2018 20:24:20;23.6599998474121
09-07-2018 22:09:25;23.4599990844727
09-07-2018 23:49:29;23.2199993133545
09-08-2018 01:09:18;22.9599990844727
09-08-2018 02:14:14;22.7199993133545
09-08-2018 03:57:00;22.4400005340576
09-08-2018 05:38:47;22.2399997711182
09-08-2018 12:38:10;22.4599990844727
09-08-2018 13:30:00;22.6800003051758
09-08-2018 18:25:05;22.4799995422363
09-08-2018 19:46:46;22.2600002288818
09-08-2018 21:06:49;22.0599994659424
09-08-2018 22:51:53;21.8199996948242
09-09-2018 00:36:57;21.6000003814697
09-09-2018 02:30:57;21.3999996185303
09-09-2018 04:06:00;21.1800003051758
09-09-2018 05:40:29;20.9799995422363
09-09-2018 07:40:33;20.7600002288818
09-09-2018 14:15:05;20.9799995422363
09-09-2018 18:22:02;20.7399997711182
09-09-2018 22:04:44;20.5200004577637
09-10-2018 01:20:46;20.3199996948242
09-10-2018 03:01:50;20.2199993133545
09-10-2018 03:21:55;20.2000007629395
09-10-2018 03:40:11;20.1800003051758
09-10-2018 06:44:11;19.9799995422363
09-10-2018 07:45:47;19.7399997711182
09-10-2018 09:46:53;19.9599990844727
09-10-2018 13:20:13;20.1800003051758
09-10-2018 15:40:58;20.4200000762939
09-10-2018 16:04:00;20.6399993896484
09-10-2018 16:20:49;20.3999996185303
09-10-2018 22:41:12;20.6399993896484
09-11-2018 09:49:09;20.8600006103516
09-11-2018 11:04:12;21.0799999237061
09-11-2018 11:54:14;21.2800006866455
09-11-2018 12:44:16;21.5200004577637
09-11-2018 13:25:02;21.7399997711182
09-11-2018 14:10:04;21.9400005340576
09-11-2018 14:55:06;22.1599998474121
09-11-2018 15:20:07;22.3799991607666
09-11-2018 15:50:08;22.6000003814697
09-11-2018 16:13:03;22.8999996185303
09-11-2018 16:15:49;23.1000003814697
09-11-2018 17:15:59;23.3600006103516
09-11-2018 17:31:00;23.1399993896484
09-11-2018 17:50:33;23.3400001525879
09-11-2018 18:27:26;23.1399993896484
09-11-2018 19:57:40;22.9200000762939
09-12-2018 09:18:23;23.1200008392334
09-12-2018 15:46:04;23.3999996185303
09-12-2018 18:08:54;23.6599998474121
09-12-2018 20:56:17;23.4599990844727
09-12-2018 21:06:13;23.6599998474121
09-13-2018 00:04:18;23.4400005340576
09-13-2018 01:19:22;23.2399997711182
09-13-2018 02:34:25;23.0200004577637
09-13-2018 14:20:59;23.2399997711182
09-13-2018 17:36:07;23.4400005340576
09-13-2018 21:13:13;23.2399997711182
09-13-2018 23:58:20;23
09-14-2018 02:49:51;22.7800006866455
09-14-2018 04:54:57;22.5599994659424
09-14-2018 10:24:16;22.7800006866455
09-14-2018 11:08:56;23
09-14-2018 11:54:50;23.2399997711182
09-14-2018 12:13:27;23.5
09-14-2018 13:16:47;23.7399997711182
09-14-2018 13:53:59;24
09-14-2018 15:17:23;24.2000007629395
09-14-2018 18:25:41;23.9799995422363
09-14-2018 19:02:41;23.7600002288818
09-14-2018 19:53:00;23.5599994659424
09-14-2018 21:08:04;23.3400001525879
09-14-2018 22:38:08;23.1399993896484
09-15-2018 00:58:15;22.9200000762939
09-15-2018 03:38:22;22.7000007629395
09-15-2018 11:38:45;22.9200000762939
09-15-2018 14:03:51;23.1399993896484
09-15-2018 15:02:40;23.3999996185303
09-15-2018 16:26:53;23.6200008392334
09-15-2018 17:06:55;23.8600006103516
09-15-2018 18:06:58;24.0799999237061
09-15-2018 20:17:04;23.8799991607666
09-15-2018 23:32:13;23.6399993896484
09-16-2018 00:57:17;23.3799991607666
09-16-2018 02:42:21;23.1599998474121
09-16-2018 04:27:26;22.9599990844727
09-16-2018 10:11:03;23.1599998474121
09-16-2018 11:16:06;23.3999996185303
09-16-2018 12:01:08;23.6399993896484
09-16-2018 12:21:09;23.8799991607666
09-16-2018 12:46:54;24.1200008392334
09-16-2018 13:05:15;24.3799991607666
09-16-2018 13:43:23;24.6000003814697
09-16-2018 14:03:00;24.8199996948242
09-16-2018 14:28:01;25.0599994659424
09-16-2018 14:42:06;25.2800006866455
09-16-2018 15:09:29;25.5
09-16-2018 15:34:30;25.7000007629395
09-16-2018 16:01:11;25.9200000762939
09-16-2018 17:01:13;26.1599998474121
09-16-2018 21:26:27;25.9599990844727
09-16-2018 22:56:31;25.7399997711182
09-16-2018 23:52:21;25.4400005340576
09-17-2018 00:26:13;25.2399997711182
09-17-2018 01:49:41;25.0200004577637
09-17-2018 02:48:17;24.7800006866455
09-17-2018 03:35:54;24.5400009155273
09-17-2018 04:10:42;24.2600002288818
09-17-2018 05:19:49;24.0400009155273
09-17-2018 05:41:36;23.7999992370605
09-17-2018 05:59:18;23.5799999237061
09-17-2018 06:13:27;23.7999992370605
09-17-2018 07:26:26;24
09-17-2018 08:21:28;24.2000007629395
09-17-2018 09:23:26;24.4200000762939
09-17-2018 11:09:58;24.6200008392334
09-17-2018 11:54:59;24.8799991607666
09-17-2018 12:13:29;25.0799999237061
09-17-2018 12:15:41;25.2800006866455
09-17-2018 12:17:13;25.5799999237061
09-17-2018 12:19:57;25.7999992370605
09-17-2018 12:23:17;26
09-17-2018 12:24:49;26.2000007629395
09-17-2018 12:54:00;26.4200000762939
09-17-2018 13:28:04;26.6200008392334
09-17-2018 14:27:15;26.8400001525879
09-17-2018 15:14:35;26.6200008392334
09-17-2018 15:28:58;26.8400001525879
09-17-2018 17:16:56;26.5799999237061
09-17-2018 17:56:59;26.3600006103516
09-17-2018 19:27:03;26.1599998474121
09-17-2018 20:17:19;25.9599990844727
09-17-2018 21:38:04;25.7399997711182
09-17-2018 22:06:00;25.4799995422363
09-17-2018 22:34:39;25.2000007629395
09-17-2018 23:01:26;24.9200000762939
09-17-2018 23:44:38;24.7000007629395
09-18-2018 15:51:12;24.5
09-18-2018 16:08:01;24.7199993133545
09-18-2018 19:58:24;24.5
09-18-2018 21:13:27;24.2999992370605
09-18-2018 22:28:31;24.0799999237061
09-19-2018 00:18:16;23.8799991607666
09-19-2018 01:03:18;23.6599998474121
09-19-2018 01:50:03;23.4599990844727
09-19-2018 02:40:05;23.2399997711182
09-19-2018 03:43:13;22.9799995422363
09-19-2018 04:15:40;22.7199993133545
09-19-2018 04:37:37;22.4599990844727
09-19-2018 05:04:00;22.2399997711182
09-19-2018 05:40:07;22.0200004577637
09-19-2018 06:05:10;21.7600002288818
09-19-2018 06:18:41;22
09-19-2018 19:27:08;21.7999992370605
09-19-2018 20:20:39;21.5799999237061
09-19-2018 21:20:41;21.3799991607666
09-19-2018 22:25:44;21.1599998474121
09-19-2018 23:56:31;20.9599990844727
09-20-2018 01:17:33;20.7399997711182
09-20-2018 02:47:36;20.5200004577637
09-20-2018 04:07:38;20.3199996948242
09-20-2018 05:52:42;20.1000003814697
09-20-2018 10:42:56;20.3199996948242
09-20-2018 12:23:31;20.5200004577637
09-20-2018 14:21:49;20.7399997711182
09-20-2018 20:18:51;20.5200004577637
09-20-2018 21:38:54;20.3199996948242
09-20-2018 23:43:58;20.1000003814697
09-21-2018 01:46:40;19.8999996185303
09-21-2018 04:11:45;19.6800003051758
09-21-2018 06:15:19;19.4400005340576
09-21-2018 11:08:27;19.9599990844727
09-21-2018 11:46:44;20.1599998474121
09-21-2018 12:26:08;20.3600006103516
09-21-2018 12:54:23;20.6000003814697
09-21-2018 14:09:35;19.7000007629395
09-21-2018 17:06:51;20.3999996185303
09-21-2018 18:43:46;20.1599998474121
09-21-2018 19:50:18;19.9200000762939
09-22-2018 01:31:00;20.1599998474121
09-22-2018 01:59:09;20.3600006103516
09-22-2018 08:09:11;20.1399993896484
09-22-2018 08:28:54;20.3799991607666
09-22-2018 11:53:18;20.6000003814697
09-22-2018 12:27:36;20.3600006103516
09-22-2018 13:06:27;20.6000003814697
09-22-2018 13:52:41;20.8199996948242
09-22-2018 15:44:14;21.0200004577637
09-22-2018 19:36:09;20.7399997711182
09-22-2018 20:49:58;20.5
09-22-2018 22:00:01;20.2999992370605
09-22-2018 22:55:04;20.0799999237061
09-22-2018 23:49:42;19.8600006103516
09-23-2018 00:34:44;19.6599998474121
09-23-2018 01:25:54;19.4599990844727
09-23-2018 04:02:46;18.8199996948242
09-23-2018 05:07:48;18.6000003814697
09-23-2018 06:07:51;18.3600006103516
09-23-2018 07:12:53;18.1599998474121
09-23-2018 07:20:56;19.2399997711182
09-23-2018 08:10:57;19.0200004577637
09-23-2018 08:27:55;17.9599990844727
09-23-2018 12:42:11;18.1599998474121
09-23-2018 16:16:45;18.3600006103516
09-23-2018 19:41:19;18.1599998474121
09-23-2018 23:01:26;17.9599990844727
09-24-2018 05:56:57;17.5
09-24-2018 07:36:39;17.7199993133545
09-24-2018 13:17:34;17.7000007629395
09-24-2018 14:19:14;17.9799995422363
09-24-2018 15:30:32;18.2399997711182
09-24-2018 16:16:50;18
09-24-2018 18:54:51;17.7399997711182
09-25-2018 01:02:32;17.5200004577637
09-25-2018 04:57:39;17.3199996948242
09-25-2018 11:49:22;17.5200004577637
09-25-2018 13:33:39;17.7399997711182
09-25-2018 15:03:42;17.9400005340576
09-25-2018 16:54:43;18.2399997711182
09-25-2018 19:44:38;18.5200004577637
09-25-2018 21:20:41;18.7399997711182
09-25-2018 22:15:43;18.9400005340576
09-25-2018 23:10:44;19.1599998474121
09-26-2018 00:15:47;19.3600006103516
09-26-2018 01:52:08;19.6399993896484
09-26-2018 05:19:08;19.8400001525879
09-26-2018 06:59:12;20.0400009155273
09-26-2018 07:44:13;20.2600002288818
09-26-2018 08:32:31;20.5599994659424
09-26-2018 10:22:35;21.2199993133545
09-26-2018 10:47:22;21.4200000762939
09-26-2018 11:13:52;21.7000007629395
09-26-2018 11:17:23;22
09-26-2018 11:23:32;21.7999992370605
09-26-2018 12:15:32;22
09-26-2018 12:40:33;22.2199993133545
09-26-2018 13:06:40;22.4599990844727
09-26-2018 13:36:42;22.6800003051758
09-26-2018 14:16:43;22.8999996185303
09-26-2018 14:17:33;20.7800006866455
09-26-2018 14:41:44;23.1000003814697
09-26-2018 14:42:34;21
09-26-2018 15:16:00;23.3600006103516
09-26-2018 15:26:22;23.6800003051758
09-26-2018 15:32:54;23.9799995422363
09-26-2018 15:36:20;24.2000007629395
09-26-2018 15:45:37;24.5
09-26-2018 15:49:41;24.7000007629395
09-26-2018 16:28:19;24.9400005340576
09-26-2018 16:41:25;25.2000007629395
09-26-2018 17:34:04;25
09-26-2018 18:09:05;24.7600002288818
09-26-2018 18:59:01;24.5
09-26-2018 20:02:41;24.2800006866455
09-26-2018 20:57:43;24.0799999237061
09-26-2018 22:06:03;23.8600006103516
09-27-2018 04:21:43;23.4599990844727
09-27-2018 05:31:46;23.2399997711182
09-27-2018 06:52:22;23.0200004577637
09-27-2018 07:27:17;23.6599998474121
09-27-2018 07:37:24;22.8199996948242
09-27-2018 15:37:42;22.6000003814697
09-27-2018 15:47:06;23.0799999237061
09-27-2018 17:21:18;23.2800006866455
09-27-2018 18:09:00;23.5200004577637
09-27-2018 18:44:26;22.8400001525879
09-27-2018 20:10:55;23.2999992370605
09-27-2018 21:30:44;23.0599994659424
09-27-2018 22:21:00;22.7999992370605
09-27-2018 23:06:03;22.5799999237061
09-27-2018 23:48:13;22.3799991607666
09-28-2018 00:25:36;22.1599998474121
09-28-2018 00:53:41;21.9599990844727
09-28-2018 01:18:42;21.7399997711182
09-28-2018 05:08:08;22.2399997711182
09-28-2018 07:33:44;21.9400005340576
09-28-2018 07:40:14;22.0200004577637
09-28-2018 08:03:35;21.8199996948242
09-28-2018 08:25:10;22.1000003814697
09-28-2018 14:24:00;21.8400001525879
09-29-2018 00:24:18;21.6399993896484
09-29-2018 05:43:30;21.2199993133545
09-29-2018 08:30:56;21.4200000762939
09-29-2018 11:55:07;21.4400005340576
09-29-2018 12:35:09;21.6800003051758
09-29-2018 13:20:10;21.8999996185303
09-29-2018 14:28:25;22.1200008392334
09-29-2018 15:42:13;22.3600006103516
09-29-2018 17:27:09;22.6399993896484
09-29-2018 19:43:15;22.4200000762939
09-29-2018 21:46:37;22.1599998474121
09-29-2018 23:15:26;21.9400005340576
09-30-2018 03:45:36;21.7399997711182
09-30-2018 05:45:40;21.5200004577637
09-30-2018 07:32:13;21.3199996948242
09-30-2018 11:53:07;21.5200004577637
09-30-2018 12:38:09;21.7399997711182
09-30-2018 13:28:10;21.9400005340576
09-30-2018 14:18:12;22.1800003051758
09-30-2018 15:13:14;22.3999996185303
09-30-2018 17:47:08;22.6000003814697
09-30-2018 19:12:11;22.3999996185303
09-30-2018 20:52:15;22.1800003051758
09-30-2018 22:17:18;21.9799995422363
10-01-2018 00:00:14;21.7399997711182
10-01-2018 03:30:18;21.5200004577637
10-01-2018 07:00:25;21.3199996948242
10-01-2018 12:46:34;21.6399993896484
10-01-2018 12:47:34;21.8400001525879
10-01-2018 12:48:40;22.0400009155273
10-01-2018 12:52:52;21.8400001525879
10-01-2018 14:22:43;21.0799999237061
10-01-2018 15:03:25;21.3600006103516
10-01-2018 15:08:05;21.5799999237061
10-01-2018 15:19:25;21.3799991607666
10-16-2018 19:30:30;19.5400009155273
10-16-2018 21:36:40;19.3400001525879
10-16-2018 22:51:18;19.7800006866455
10-16-2018 23:56:44;19.1200008392334
10-17-2018 01:57:38;18.9200000762939
10-17-2018 03:52:41;18.7000007629395
10-17-2018 05:37:45;18.5
10-17-2018 07:16:46;18.2399997711182
10-17-2018 07:39:11;17.9799995422363
10-17-2018 10:50:45;18.1800003051758
10-17-2018 11:14:35;18.3999996185303
10-17-2018 11:39:22;18.6399993896484
10-17-2018 12:11:01;18.8600006103516
10-17-2018 13:06:06;19.0799999237061
10-17-2018 13:31:07;19.2800006866455
10-17-2018 14:30:37;19.6000003814697
10-17-2018 14:34:13;19.8999996185303
10-17-2018 14:35:25;20.1000003814697
10-17-2018 14:37:19;20.3999996185303
10-17-2018 14:38:21;20.6000003814697
10-17-2018 14:39:57;20.8999996185303
10-17-2018 14:41:31;21.1000003814697
10-17-2018 14:49:34;20.8999996185303
10-17-2018 14:52:08;21.1000003814697
10-17-2018 15:02:10;20.8999996185303
10-17-2018 15:04:20;20.6800003051758
10-17-2018 15:07:28;20.4799995422363
10-17-2018 15:17:47;20.2000007629395
10-17-2018 15:47:48;19.9400005340576
10-17-2018 16:25:53;19.7199993133545
10-17-2018 16:35:57;19.9400005340576
10-17-2018 16:41:51;20.1599998474121
10-17-2018 17:01:51;19.9599990844727
10-17-2018 18:01:20;19.7000007629395
10-17-2018 18:03:00;19.5
10-17-2018 21:17:30;19.2999992370605
10-17-2018 23:32:32;19.0799999237061
10-18-2018 01:27:34;18.8799991607666
10-18-2018 05:01:09;18.4599990844727
10-18-2018 07:39:21;18.2399997711182
10-18-2018 08:15:00;18.6599998474121
10-18-2018 12:00:58;18.4400005340576
10-18-2018 12:35:59;18.6800003051758
10-22-2018 14:18:25;17.9400005340576
10-22-2018 15:07:19;18.1599998474121
10-22-2018 15:08:49;18.3600006103516
10-22-2018 15:13:32;18.1599998474121
10-22-2018 15:16:12;17.9599990844727
10-22-2018 18:41:49;18.1599998474121
10-22-2018 21:36:53;18.3799991607666
10-22-2018 22:01:21;18.5799999237061
10-23-2018 00:07:22;18.7800006866455
10-23-2018 02:17:18;19
10-23-2018 03:52:21;19.2000007629395
10-23-2018 06:23:15;19.4599990844727
10-23-2018 10:28:23;19.6800003051758
10-23-2018 12:03:40;19.8999996185303
10-23-2018 12:59:51;20.1200008392334
10-23-2018 15:37:02;20.3799991607666
10-23-2018 22:11:55;20.5799999237061
10-24-2018 10:37:25;20.7999992370605
10-24-2018 12:06:13;21.0599994659424
10-24-2018 18:36:16;21.2600002288818
10-24-2018 20:02:13;21.4799995422363
10-24-2018 20:36:59;21.7199993133545
10-25-2018 04:02:29;21.5
10-25-2018 10:55:03;21.7000007629395
10-25-2018 12:00:16;21.9200000762939
10-25-2018 13:57:36;22.5799999237061
10-25-2018 14:52:54;22.7999992370605
10-25-2018 17:29:54;22.1599998474121
10-25-2018 18:02:16;22.3600006103516
10-25-2018 18:59:18;22.5799999237061
10-25-2018 21:39:55;22.3600006103516
10-26-2018 00:21:47;22.1599998474121
10-26-2018 08:31:53;21.9599990844727
10-26-2018 11:00:10;22.1000003814697
10-26-2018 12:19:54;22.3199996948242
10-26-2018 12:44:54;22.5599994659424
10-26-2018 13:34:55;22.7600002288818
10-26-2018 14:29:33;23.0400009155273
10-26-2018 15:29:04;23.3199996948242
10-26-2018 15:42:26;21.8799991607666
10-26-2018 15:48:59;23.5599994659424
10-26-2018 15:50:17;23.7600002288818
10-26-2018 15:56:53;23.5599994659424
10-26-2018 16:01:53;23.7600002288818
10-26-2018 16:05:55;23.5599994659424
10-26-2018 16:23:00;23.3400001525879
10-26-2018 17:01:43;23.5799999237061
10-26-2018 17:07:01;23.3799991607666
10-26-2018 17:41:40;23.1599998474121
10-26-2018 18:01:48;23.4200000762939
10-26-2018 18:07:23;23.2199993133545
10-26-2018 18:31:31;22.9799995422363
10-26-2018 19:01:42;23.2199993133545
10-26-2018 19:11:48;22.9200000762939
10-26-2018 20:16:49;22.7199993133545
10-26-2018 22:09:53;22.5
10-27-2018 00:19:56;22.2999992370605
10-27-2018 08:14:49;22.0599994659424
10-27-2018 08:17:05;21.8400001525879
10-28-2018 03:34:31;21.6399993896484
10-28-2018 06:29:36;21.4200000762939
10-28-2018 18:20:22;21.2199993133545
10-29-2018 01:24:22;21
10-29-2018 11:11:35;21.4599990844727
10-29-2018 11:51:36;21.6599998474121
10-29-2018 15:16:45;21.8600006103516
10-29-2018 15:37:26;21.2000007629395
10-29-2018 17:04:52;21.6599998474121
10-29-2018 19:02:31;21.4599990844727
10-30-2018 06:49:40;21
10-30-2018 08:08:12;21.2399997711182
10-30-2018 10:14:46;21.2000007629395
10-30-2018 12:24:51;21.6200008392334
10-30-2018 15:24:39;21.8999996185303
10-30-2018 16:24:49;21.4200000762939
10-31-2018 06:33:54;21.6800003051758
10-31-2018 10:23:11;21.9200000762939
10-31-2018 11:40:19;21.7199993133545
10-31-2018 14:59:10;21.9200000762939
10-31-2018 15:29:11;22.1200008392334
10-31-2018 17:16:25;21.9200000762939
10-31-2018 19:01:22;21.7199993133545
10-31-2018 21:55:18;21.5
11-01-2018 03:22:13;21.0799999237061
11-01-2018 05:16:03;21.2999992370605
11-01-2018 07:17:21;20.8799991607666
11-01-2018 09:21:21;21.1599998474121
11-01-2018 09:25:55;21.3600006103516
11-01-2018 09:36:57;21.1599998474121
11-01-2018 11:07:24;21.1599998474121
11-01-2018 15:37:00;20.9599990844727
11-01-2018 15:49:03;21.3999996185303
11-01-2018 16:02:35;21.6000003814697
11-01-2018 16:07:41;21.3999996185303
11-01-2018 17:02:57;21.6000003814697
11-01-2018 17:07:17;21.3999996185303
11-01-2018 19:01:59;21.6200008392334
11-02-2018 11:56:34;21.8400001525879
11-02-2018 14:11:12;22.1399993896484
11-03-2018 07:26:53;22.3400001525879
11-03-2018 07:47:27;22.1399993896484
11-03-2018 14:25:49;22.3600006103516
11-03-2018 15:38:02;22.5799999237061
11-03-2018 18:16:13;22.3600006103516
11-03-2018 20:16:59;22.1599998474121
11-03-2018 22:41:57;21.9599990844727
11-04-2018 00:27:00;21.7399997711182
11-04-2018 03:03:27;21.3199996948242
11-04-2018 04:53:30;21.1000003814697
11-04-2018 06:23:24;21.5200004577637
11-04-2018 06:53:33;20.8999996185303
11-04-2018 11:08:41;21.1200008392334
11-04-2018 11:53:42;21.3600006103516
11-04-2018 12:29:59;21.5799999237061
11-04-2018 12:58:31;21.7800006866455
11-04-2018 13:53:33;22
11-04-2018 15:37:22;22.2199993133545
11-04-2018 16:43:12;22
11-04-2018 17:43:56;21.7999992370605
11-04-2018 19:08:59;21.5799999237061
11-04-2018 20:14:01;21.3799991607666
11-04-2018 21:39:03;21.1399993896484
11-04-2018 23:15:08;20.9200000762939
11-05-2018 00:50:12;20.7199993133545
11-05-2018 04:20:19;20.2999992370605
11-05-2018 06:25:23;20.0799999237061
11-05-2018 07:25:15;20.5
11-05-2018 08:50:29;19.8799991607666
11-05-2018 15:10:04;19.6599998474121
11-05-2018 19:40:35;19.4599990844727
11-05-2018 23:00:42;19.2399997711182
11-06-2018 05:42:20;18.7999992370605
11-06-2018 07:40:48;19.0200004577637
11-06-2018 22:06:18;18.5799999237061
11-07-2018 05:58:34;18.3799991607666
11-07-2018 11:05:06;18.7800006866455
11-07-2018 11:35:07;19.0200004577637
11-07-2018 12:04:15;19.2600002288818
11-07-2018 12:48:02;19.5400009155273
11-07-2018 13:23:03;19.7600002288818
11-07-2018 14:20:27;19.9799995422363
11-07-2018 15:32:18;18.5799999237061
11-07-2018 16:01:08;20.2000007629395
11-07-2018 16:03:12;20
11-07-2018 19:06:51;19.7800006866455
11-08-2018 00:13:29;19.5799999237061
11-08-2018 04:38:36;19.1599998474121
11-08-2018 06:38:19;18.8799991607666
11-08-2018 07:08:32;19.3799991607666
11-08-2018 07:48:20;18.6599998474121
11-08-2018 10:33:24;18.8600006103516
11-08-2018 11:38:25;19.1000003814697
11-08-2018 12:08:26;19.3199996948242
11-08-2018 12:33:26;19.5200004577637
11-08-2018 13:07:25;19.7600002288818
11-08-2018 13:42:26;20
11-08-2018 14:27:27;20.2000007629395
11-08-2018 15:59:05;20.4599990844727
11-08-2018 17:04:57;20.2399997711182
11-08-2018 20:39:31;20.4400005340576
11-09-2018 07:58:07;20.6800003051758
11-09-2018 15:00:45;20.9599990844727
11-09-2018 15:02:31;21.1599998474121
11-09-2018 15:05:35;20.9599990844727
11-09-2018 15:17:09;20.7399997711182
11-09-2018 15:39:00;21.0200004577637
11-09-2018 15:47:26;21.2600002288818
11-09-2018 15:58:11;21.0599994659424
11-09-2018 16:15:05;20.8400001525879
11-09-2018 19:04:55;20.6399993896484
11-10-2018 12:16:40;20.8400001525879
11-10-2018 13:01:42;21.0599994659424
11-10-2018 13:36:43;21.2600002288818
11-10-2018 18:55:56;21.0400009155273
11-11-2018 10:52:31;21.5
11-11-2018 11:26:12;21.7600002288818
11-11-2018 12:13:16;21.9799995422363
11-11-2018 12:48:11;22.2600002288818
11-11-2018 14:25:32;22.5
11-11-2018 14:42:28;21.2600002288818
11-11-2018 16:35:36;22.2999992370605
11-11-2018 17:31:29;22.0799999237061
11-11-2018 18:56:32;21.8799991607666
11-11-2018 21:36:37;21.6599998474121
11-12-2018 00:56:44;21.4599990844727
11-12-2018 11:37:58;21.9200000762939
11-12-2018 12:07:59;22.1200008392334
11-12-2018 12:48:00;22.3400001525879
11-12-2018 13:28:02;22.5400009155273
11-12-2018 14:46:10;22.7999992370605
11-12-2018 15:00:31;21.7199993133545
11-12-2018 15:01:55;21.9200000762939
11-12-2018 15:05:05;23.0799999237061
11-12-2018 15:07:55;21.7199993133545
11-12-2018 15:11:43;23.2800006866455
11-12-2018 15:17:19;23.0799999237061
11-12-2018 15:31:01;22.8600006103516
11-12-2018 15:54:52;22.6399993896484
11-12-2018 16:54:54;22.4200000762939
11-12-2018 18:14:57;22.2000007629395
11-12-2018 21:33:23;22
11-13-2018 07:16:36;21.7999992370605
11-13-2018 07:27:25;21.2999992370605
11-13-2018 08:16:45;21.0799999237061
11-13-2018 10:29:36;21.3199996948242
11-13-2018 11:01:43;21.5799999237061
11-13-2018 12:53:21;21.5799999237061
11-13-2018 12:57:39;21.7800006866455
11-13-2018 13:29:40;21.5
11-13-2018 14:01:15;21.7000007629395
11-13-2018 14:10:57;21.5
11-13-2018 15:01:13;21.7199993133545
11-13-2018 15:03:07;21.9400005340576
11-13-2018 15:04:05;21.7399997711182
11-13-2018 15:12:21;21.4599990844727
11-13-2018 16:01:21;21.7000007629395
11-13-2018 16:09:43;21.4799995422363
11-13-2018 17:01:08;21.7399997711182
11-13-2018 17:03:00;21.9400005340576
11-13-2018 17:04:44;21.7399997711182
11-13-2018 17:13:15;21.4799995422363
11-13-2018 18:01:06;21.7600002288818
11-13-2018 18:10:11;21.5599994659424
11-13-2018 20:56:39;21.2600002288818
11-13-2018 22:28:42;21.0599994659424
11-13-2018 22:56:48;20.7800006866455
11-13-2018 23:29:07;21.0400009155273
11-14-2018 01:06:38;20.7800006866455
11-14-2018 04:10:02;20.5799999237061
11-14-2018 07:24:04;20.7800006866455
11-14-2018 08:16:43;20.5799999237061
11-14-2018 08:58:13;20.3799991607666
11-14-2018 09:08:03;20.0799999237061
11-14-2018 09:09:41;19.8799991607666
11-14-2018 11:03:20;20.5599994659424
11-14-2018 11:31:27;20.7600002288818
11-14-2018 11:44:15;20.5400009155273
11-14-2018 11:58:48;20.7600002288818
11-14-2018 12:30:45;21.0400009155273
11-14-2018 12:46:05;21.3199996948242
11-14-2018 13:51:56;21.5200004577637
11-14-2018 14:29:38;20.1399993896484
11-14-2018 14:38:15;21.7399997711182
11-14-2018 14:58:19;20.3400001525879
11-14-2018 15:04:15;21.5
11-14-2018 15:17:12;21.2999992370605
11-14-2018 15:31:31;21.5
11-14-2018 15:57:37;21.7199993133545
11-14-2018 17:01:41;21.9599990844727
11-14-2018 17:06:27;21.7399997711182
11-14-2018 18:01:55;22.0200004577637
11-14-2018 18:06:01;21.8199996948242
11-14-2018 19:01:59;21.5799999237061
11-15-2018 09:07:09;21.8400001525879
11-15-2018 09:09:03;21.6399993896484
11-15-2018 11:02:17;22.1000003814697
11-15-2018 11:23:22;22.3600006103516
11-15-2018 11:29:12;22.1599998474121
11-15-2018 11:54:05;21.9400005340576
11-15-2018 14:31:54;21.8400001525879
11-15-2018 14:50:47;21.6200008392334
11-15-2018 15:26:32;21.8999996185303
11-15-2018 17:00:52;22.1800003051758
11-15-2018 17:17:25;21.9799995422363
11-15-2018 18:01:52;22.2399997711182
11-15-2018 18:12:48;21.9799995422363
11-15-2018 19:02:30;22.2000007629395
11-15-2018 19:14:27;21.9599990844727
11-15-2018 21:39:32;21.7399997711182
11-15-2018 23:09:35;21.5200004577637
11-16-2018 01:25:23;21.2999992370605
11-16-2018 06:19:23;20.8400001525879
11-16-2018 07:34:25;20.6399993896484
11-16-2018 07:44:23;20.3400001525879
11-16-2018 08:44:18;21.0599994659424
11-16-2018 12:01:03;20.6000003814697
11-16-2018 12:18:47;20.3999996185303
11-16-2018 13:52:37;20.1599998474121
11-16-2018 14:22:00;19.9599990844727
11-16-2018 14:50:08;19.6599998474121
11-16-2018 14:51:30;19.4400005340576
11-16-2018 15:43:23;19.6800003051758
11-16-2018 15:53:17;19.9200000762939
11-16-2018 16:01:30;20.1800003051758
11-16-2018 16:05:08;19.9799995422363
11-16-2018 17:12:36;20.2399997711182
11-16-2018 18:02:36;20
11-16-2018 21:06:06;20.2000007629395
11-16-2018 23:01:10;20.4200000762939
11-17-2018 04:14:21;20
11-17-2018 05:29:23;19.7999992370605
11-17-2018 06:49:26;19.5799999237061
11-17-2018 07:59:28;19.3600006103516
11-17-2018 08:01:17;20.2199993133545
11-17-2018 12:06:14;19.1800003051758
11-17-2018 12:25:07;19.3999996185303
11-17-2018 13:05:20;19.1399993896484
11-17-2018 13:18:26;18.9200000762939
11-17-2018 14:34:15;19.1399993896484
11-17-2018 15:04:31;19.1599998474121
11-17-2018 15:17:23;18.9599990844727
11-17-2018 17:14:28;18.9200000762939
11-17-2018 19:08:55;18.7199993133545
11-17-2018 20:49:39;18.5
11-17-2018 22:29:41;18.2999992370605
11-18-2018 00:24:44;18.0799999237061
11-18-2018 03:49:48;17.6599998474121
11-18-2018 05:45:17;17.4599990844727
11-18-2018 07:04:46;17.8799991607666
11-18-2018 07:45:20;17.2399997711182
11-18-2018 13:11:09;17.0200004577637
11-18-2018 16:40:12;16.7600002288818
11-18-2018 19:22:42;16.5599994659424
11-18-2018 22:02:05;16.3400001525879
11-19-2018 00:25:48;16.1399993896484
11-19-2018 07:25:50;15.6599998474121
11-19-2018 07:48:14;15.8800001144409
11-19-2018 08:20:50;15.6599998474121
11-19-2018 08:24:50;15.9200000762939
11-19-2018 08:38:09;16.1200008392334
11-19-2018 09:21:28;15.8800001144409
11-19-2018 13:54:48;15.9399995803833
11-19-2018 14:30:19;16.1800003051758
11-19-2018 14:49:07;15.9799995422363
11-19-2018 15:59:09;16.1800003051758
11-19-2018 16:17:25;16.4200000762939
11-19-2018 17:12:27;16.6399993896484
11-19-2018 19:07:29;16.8400001525879
11-19-2018 19:15:27;17.0400009155273
11-19-2018 20:08:43;17.3400001525879
11-19-2018 21:18:34;17.5799999237061
11-19-2018 22:33:36;17.7999992370605
11-19-2018 23:48:38;18
11-20-2018 01:08:40;18.2199993133545
11-20-2018 04:08:45;18.6399993896484
11-20-2018 05:58:48;18.8400001525879
11-20-2018 07:33:42;18.4200000762939
11-20-2018 07:53:51;19.0400009155273
11-20-2018 09:23:54;19.2600002288818
11-20-2018 11:20:02;19.5
11-20-2018 13:22:37;19.7000007629395
11-20-2018 15:17:22;19.5
11-20-2018 15:33:19;19.7600002288818
11-20-2018 15:35:33;20.0599994659424
11-20-2018 15:37:05;20.2600002288818
11-20-2018 16:01:07;19.9799995422363
11-20-2018 16:04:36;19.7600002288818
11-20-2018 16:15:33;20.0200004577637
11-20-2018 16:44:21;19.8199996948242
11-20-2018 16:50:09;20.0200004577637
11-20-2018 17:05:29;19.8199996948242
11-20-2018 17:18:58;20.0400009155273
11-20-2018 22:26:47;20.2600002288818
11-21-2018 06:51:07;20.0400009155273
11-21-2018 06:56:03;19.8400001525879
11-21-2018 08:41:06;20.0400009155273
11-21-2018 11:50:57;20.4599990844727
11-21-2018 12:06:15;20.7399997711182
11-21-2018 14:31:07;20.2600002288818
11-21-2018 14:38:06;20.9599990844727
11-21-2018 14:40:03;20.4799995422363
11-21-2018 14:53:32;20.6800003051758
11-21-2018 15:37:37;20.7399997711182
11-21-2018 17:57:42;20.5200004577637
11-22-2018 11:03:41;20.9799995422363
11-22-2018 11:43:43;21.2000007629395
11-22-2018 12:23:43;21.4799995422363
11-22-2018 13:03:45;21.7000007629395
11-22-2018 14:53:47;21.9200000762939
11-22-2018 15:23:41;20.7600002288818
11-22-2018 16:03:49;21.7199993133545
11-22-2018 17:18:51;21.5
11-22-2018 19:08:54;21.2999992370605
11-22-2018 21:27:40;21.0799999237061
11-23-2018 00:57:45;20.8799991607666
11-23-2018 06:40:50;20.6599998474121
11-23-2018 10:39:28;21.1200008392334
11-23-2018 11:17:30;21.3400001525879
11-23-2018 11:47:30;21.5400009155273
11-23-2018 12:17:31;21.7600002288818
11-23-2018 12:57:33;21.9799995422363
11-23-2018 14:01:54;22.2600002288818
11-23-2018 14:39:26;20.8600006103516
11-23-2018 15:37:08;22.0599994659424
11-23-2018 16:23:16;21.8400001525879
11-23-2018 17:18:17;21.6399993896484
11-23-2018 18:43:20;21.3999996185303
11-23-2018 20:28:24;21.1800003051758
11-23-2018 23:41:57;20.8999996185303
11-24-2018 05:26:20;20.6800003051758
11-24-2018 10:45:53;20.8999996185303
11-24-2018 11:25:44;21.1399993896484
11-24-2018 12:31:22;21.3400001525879
11-24-2018 13:16:23;21.5599994659424
11-24-2018 16:17:48;21.3400001525879
11-24-2018 18:32:51;21.1399993896484
11-25-2018 01:23:01;20.8999996185303
11-26-2018 08:00:54;20.6800003051758
11-26-2018 12:30:32;20.9200000762939
11-26-2018 23:40:54;21.1399993896484
11-27-2018 12:03:05;21.3600006103516
11-27-2018 12:21:16;21.5799999237061
11-27-2018 12:27:18;21.7800006866455
11-27-2018 12:43:50;21.5599994659424
11-27-2018 13:52:19;21.8400001525879
11-27-2018 15:17:21;22.0599994659424
11-27-2018 16:05:02;21.8400001525879
11-28-2018 04:21:34;21.6399993896484
11-28-2018 07:05:05;21.3999996185303
11-28-2018 07:12:55;21.1599998474121
11-28-2018 08:24:33;21.4200000762939
11-28-2018 08:44:29;21.6399993896484
11-28-2018 08:48:12;21.4200000762939
11-28-2018 10:35:42;21.6200008392334
11-28-2018 13:03:17;21.8799991607666
11-28-2018 13:09:39;22.0799999237061
11-28-2018 14:27:40;22.3400001525879
11-28-2018 15:01:41;22.1200008392334
11-28-2018 18:02:34;21.9200000762939
11-29-2018 07:10:27;21.5
11-29-2018 07:24:39;21.7199993133545
11-29-2018 07:58:13;21.7800006866455
11-29-2018 08:05:13;22.0200004577637
11-29-2018 08:12:15;21.8199996948242
11-29-2018 08:41:08;22.0200004577637
11-29-2018 08:42:42;22.2399997711182
11-29-2018 09:20:01;21.9799995422363
11-29-2018 10:09:06;21.9400005340576
11-29-2018 10:39:06;21.7399997711182
11-29-2018 12:50:45;22
11-29-2018 14:54:22;22.2199993133545
11-29-2018 15:09:26;22.2199993133545
11-29-2018 17:04:38;21.9799995422363
11-29-2018 23:02:36;22.1800003051758
11-30-2018 04:45:45;21.7600002288818
11-30-2018 06:49:32;21.5599994659424
11-30-2018 07:22:41;21.9799995422363
11-30-2018 09:19:04;21.2800006866455
11-30-2018 11:09:18;21.7999992370605
11-30-2018 12:20:14;22.0200004577637
11-30-2018 13:10:42;21.8600006103516
11-30-2018 14:25:44;21.6000003814697
11-30-2018 15:02:47;21.3799991607666
11-30-2018 15:24:57;21.5799999237061
11-30-2018 15:35:56;21.1599998474121
11-30-2018 15:41:01;20.9599990844727
11-30-2018 17:42:26;22.0799999237061
11-30-2018 18:16:04;20.7399997711182
11-30-2018 22:37:43;20.5200004577637
12-01-2018 03:12:50;19.8999996185303
12-01-2018 04:47:51;19.6800003051758
12-01-2018 05:12:45;20.3199996948242
12-01-2018 06:07:53;19.4799995422363
12-01-2018 06:47:47;20.1000003814697
12-01-2018 07:37:55;19.2399997711182
12-01-2018 11:46:58;19.4400005340576
12-01-2018 12:57:57;19.7000007629395
12-01-2018 13:42:58;19.9200000762939
12-01-2018 16:23:02;19.7199993133545
12-01-2018 17:38:03;19.5
12-01-2018 18:48:05;19.2999992370605
12-01-2018 20:08:07;19.0799999237061
12-01-2018 21:33:09;18.8799991607666
12-01-2018 23:18:11;18.6599998474121
12-02-2018 00:53:13;18.4599990844727
12-02-2018 05:00:22;17.9799995422363
12-02-2018 07:20:25;17.7600002288818
12-02-2018 07:48:15;18.2399997711182
12-02-2018 14:45:28;17.5599994659424
12-02-2018 15:46:59;17.3400001525879
12-02-2018 22:06:05;17.1399993896484
12-03-2018 07:48:45;16.6599998474121
12-03-2018 07:56:11;16.9200000762939
12-03-2018 08:22:41;16.4599990844727
12-03-2018 11:02:43;16.8999996185303
12-03-2018 12:52:46;17.1200008392334
12-03-2018 14:44:49;17.3400001525879
12-03-2018 14:52:42;16.6800003051758
12-03-2018 15:17:58;17.6200008392334
12-03-2018 15:45:47;17.5799999237061
12-03-2018 15:46:47;17.3799991607666
12-03-2018 15:48:41;17.0799999237061
12-03-2018 15:49:43;16.8799991607666
12-03-2018 15:56:29;17.1599998474121
12-03-2018 15:59:33;17.3600006103516
12-03-2018 16:18:04;17.6000003814697
12-03-2018 18:07:42;17.8199996948242
12-03-2018 20:35:04;17.7800006866455
12-04-2018 07:22:45;17.5400009155273
12-04-2018 08:00:15;17.7800006866455
12-04-2018 10:33:54;18.0200004577637
12-04-2018 11:22:03;18.2600002288818
12-04-2018 11:36:13;18.4799995422363
12-04-2018 11:40:31;18.6800003051758
12-04-2018 12:03:18;18.9599990844727
12-04-2018 12:23:08;19.1599998474121
12-04-2018 13:34:44;19.3600006103516
12-04-2018 17:02:03;19.1599998474121
12-04-2018 20:01:27;18.9599990844727
12-05-2018 00:18:06;18.7399997711182
12-05-2018 01:58:09;18.5200004577637
12-05-2018 05:58:15;18.0799999237061
12-05-2018 07:18:17;17.8600006103516
12-05-2018 07:27:57;17.6599998474121
12-05-2018 08:06:25;17.4599990844727
12-05-2018 08:48:31;17.6599998474121
12-05-2018 08:53:12;18.2999992370605
12-05-2018 11:09:29;17.8600006103516
12-05-2018 11:39:29;18.0799999237061
12-05-2018 12:29:30;18.2999992370605
12-05-2018 13:04:31;18.5
12-05-2018 13:30:04;18.7199993133545
12-05-2018 18:39:41;18.9200000762939
12-06-2018 01:36:08;19.1200008392334
12-06-2018 07:22:04;18.8999996185303
12-06-2018 09:07:06;19.1200008392334
12-06-2018 09:17:46;19.4200000762939
12-06-2018 10:32:26;19.9200000762939
12-06-2018 11:40:30;20.1800003051758
12-06-2018 12:06:16;20.4400005340576
12-06-2018 12:12:59;20.2399997711182
12-06-2018 13:41:57;20.4400005340576
12-06-2018 14:49:01;19.6599998474121
12-06-2018 14:55:17;19.8600006103516
12-06-2018 15:01:03;20.1599998474121
12-06-2018 15:37:00;20.2399997711182
12-06-2018 17:07:02;20
12-06-2018 19:27:06;19.7999992370605
12-06-2018 21:08:58;19.5799999237061
12-06-2018 23:09:01;19.3799991607666
12-07-2018 00:44:04;19.1399993896484
12-07-2018 07:49:15;18.7000007629395
12-07-2018 08:39:08;18.9200000762939
12-07-2018 11:36:45;18.9200000762939
12-07-2018 12:41:47;19.1599998474121
12-07-2018 13:04:47;19.3799991607666
12-07-2018 13:44:49;19.5799999237061
12-07-2018 17:13:56;19.3799991607666
12-07-2018 17:30:00;19.6200008392334
12-07-2018 17:35:31;19.9200000762939
12-07-2018 17:39:32;19.7199993133545
12-07-2018 18:00:31;19.4799995422363
12-07-2018 21:24:11;19.2600002288818
12-07-2018 23:34:14;19.0599994659424
12-08-2018 01:29:16;18.8400001525879
12-08-2018 05:42:46;18.4200000762939
12-08-2018 08:37:43;18.6399993896484
12-08-2018 11:34:00;18.6399993896484
12-08-2018 12:19:01;18.8400001525879
12-08-2018 13:39:03;19.0400009155273
12-08-2018 16:49:07;18.8400001525879
12-08-2018 17:59:09;18.6399993896484
12-08-2018 19:44:12;18.4200000762939
12-08-2018 21:34:14;18.2199993133545
12-09-2018 00:09:18;18
12-09-2018 05:32:24;17.5799999237061
12-09-2018 07:32:20;17.7999992370605
12-09-2018 11:21:27;17.7800006866455
12-09-2018 12:06:28;18
12-09-2018 13:06:29;18.2000007629395
12-09-2018 17:06:35;18
12-09-2018 19:41:38;17.7999992370605
12-10-2018 01:31:44;17.5799999237061
12-10-2018 05:53:52;17.3799991607666
12-10-2018 11:16:08;17.8199996948242
12-10-2018 12:11:09;18.0400009155273
12-10-2018 12:54:26;18.2600002288818
12-10-2018 13:17:06;18.4799995422363
12-10-2018 14:02:05;18.7000007629395
12-10-2018 15:31:07;17.6000003814697
12-10-2018 18:39:34;18.4799995422363
12-10-2018 20:54:37;18.2600002288818
12-10-2018 23:24:40;18.0599994659424
12-11-2018 05:50:28;17.6399993896484
12-11-2018 07:55:24;17.8400001525879
12-11-2018 11:55:37;18.0400009155273
12-11-2018 12:50:38;18.2600002288818
12-11-2018 13:45:40;18.5
12-11-2018 15:45:35;17.8400001525879
12-11-2018 18:06:56;18.2199993133545
12-11-2018 18:20:15;18.4400005340576
12-12-2018 01:11:59;18.2399997711182
12-12-2018 11:14:14;18.6800003051758
12-12-2018 12:02:45;18.8999996185303
12-12-2018 12:42:32;19.1599998474121
12-12-2018 13:23:09;19.3799991607666
12-12-2018 14:22:59;19.5799999237061
12-12-2018 15:24:13;18.4400005340576
12-12-2018 17:03:05;19.3799991607666
12-12-2018 17:21:03;19.5799999237061
12-12-2018 19:41:45;19.3799991607666
12-13-2018 07:26:55;19.1599998474121
12-13-2018 11:25:00;19.3600006103516
12-13-2018 18:21:14;19.5400009155273
12-13-2018 18:38:29;19.7600002288818
12-13-2018 22:52:39;19.5599994659424
12-13-2018 23:06:24;19.7800006866455
12-14-2018 05:12:48;19.1000003814697
12-14-2018 06:01:33;18.8999996185303
12-14-2018 07:14:41;18.6800003051758
12-14-2018 07:17:44;19.3199996948242
12-14-2018 09:27:24;18.8999996185303
12-14-2018 10:52:26;19.1200008392334
12-14-2018 11:33:39;19.3600006103516
12-14-2018 12:03:12;19.1200008392334
12-14-2018 12:14:28;19.3799991607666
12-14-2018 12:39:29;19.5799999237061
12-14-2018 13:49:30;19.7800006866455
12-14-2018 16:02:12;19.5
12-14-2018 16:16:30;19.7000007629395
12-14-2018 17:03:45;19.5
12-14-2018 17:12:45;19.7000007629395
12-14-2018 18:03:48;19.4400005340576
12-14-2018 18:15:58;19.6599998474121
12-14-2018 23:02:13;19.4599990844727
12-15-2018 06:10:18;19.2399997711182
12-15-2018 12:15:28;19.4400005340576
12-15-2018 22:28:26;19.2399997711182
12-16-2018 05:23:36;18.8199996948242
12-16-2018 07:13:32;19.0200004577637
12-16-2018 17:11:33;18.6000003814697
12-16-2018 21:05:59;18.3999996185303
12-17-2018 05:25:48;18.1800003051758
12-17-2018 08:52:02;17.9799995422363
12-17-2018 12:29:21;17.7800006866455
12-17-2018 12:39:11;18.0400009155273
12-17-2018 13:59:13;18.2600002288818
12-17-2018 14:46:49;17.7399997711182
12-17-2018 14:50:59;17.9400005340576
12-17-2018 16:02:39;17.7000007629395
12-17-2018 16:10:13;17.5
12-17-2018 23:13:15;18.5
12-18-2018 10:53:38;18.7000007629395
12-18-2018 11:38:39;18.9200000762939
12-18-2018 12:21:07;19.1200008392334
12-18-2018 13:11:08;19.3400001525879
12-18-2018 14:11:10;19.5400009155273
12-18-2018 16:45:55;19.3400001525879
12-18-2018 19:17:49;19.1399993896484
12-18-2018 23:30:11;18.9200000762939
12-19-2018 07:10:21;18.5
12-19-2018 08:10:16;18.7199993133545
12-19-2018 11:11:23;18.9200000762939
12-19-2018 12:06:24;19.1200008392334
12-19-2018 13:30:28;19.3999996185303
12-19-2018 15:15:26;18.7000007629395
12-19-2018 18:00:53;19.1000003814697
12-19-2018 18:10:00;19.3199996948242
12-19-2018 21:42:22;19.1000003814697
12-20-2018 00:10:29;18.8999996185303
12-20-2018 06:40:39;18.4799995422363
12-20-2018 08:20:34;18.6800003051758
12-20-2018 09:31:11;18.2000007629395
12-20-2018 09:35:27;18.4200000762939
12-20-2018 11:15:29;18.8600006103516
12-20-2018 12:05:30;19.1000003814697
12-20-2018 13:03:24;18.8999996185303
12-20-2018 13:58:48;19.1800003051758
12-20-2018 15:01:42;18.9799995422363
12-20-2018 15:14:06;19.2199993133545
12-20-2018 15:15:27;18.6200008392334
12-20-2018 16:09:33;18.9799995422363
12-20-2018 17:46:42;19.1800003051758
12-20-2018 17:54:10;18.9799995422363
12-21-2018 08:42:34;19.1800003051758
12-21-2018 11:07:47;19.3999996185303
12-21-2018 12:22:20;19.6000003814697
12-21-2018 15:54:53;19.8600006103516
12-21-2018 16:27:24;20.1200008392334
12-21-2018 17:05:29;19.8799991607666
12-21-2018 17:28:41;20.0799999237061
12-21-2018 18:48:44;20.2800006866455
12-21-2018 20:13:46;20.5
12-22-2018 11:52:13;20.7000007629395
12-22-2018 14:18:37;20.9400005340576
12-22-2018 18:13:44;20.7199993133545
12-22-2018 21:07:36;20.5
12-23-2018 00:37:43;20.2800006866455
12-23-2018 05:57:52;19.8799991607666
12-23-2018 08:27:48;20.0799999237061
12-23-2018 11:04:58;20.1000003814697
12-23-2018 11:54:59;20.3199996948242
12-23-2018 12:45:01;20.5200004577637
12-23-2018 13:40:02;20.7399997711182
12-23-2018 17:15:08;20.5200004577637
12-23-2018 18:40:10;20.3199996948242
12-23-2018 20:14:10;20.0799999237061
12-23-2018 22:24:13;19.8799991607666
12-24-2018 00:44:16;19.6599998474121
12-24-2018 07:03:30;19.2199993133545
12-24-2018 08:18:24;19.4200000762939
12-24-2018 19:15:28;19
12-24-2018 23:48:05;18.7999992370605
12-25-2018 04:43:13;18.5799999237061
12-25-2018 11:33:23;19
12-25-2018 12:19:01;19.2199993133545
12-25-2018 13:08:25;19.4799995422363
12-25-2018 14:08:26;19.6800003051758
12-25-2018 15:48:22;18.7800006866455
12-25-2018 16:58:31;19.4799995422363
12-25-2018 18:18:33;19.2600002288818
12-25-2018 19:48:35;19.0599994659424
12-25-2018 22:10:36;18.8400001525879
12-26-2018 01:20:36;18.6399993896484
12-26-2018 04:45:42;18.4200000762939
12-26-2018 11:12:15;18.6200008392334
12-26-2018 11:52:16;18.8600006103516
12-26-2018 12:52:17;19.1000003814697
12-26-2018 13:52:19;19.3400001525879
12-26-2018 17:13:08;19.1399993896484
12-26-2018 18:58:10;18.8999996185303
12-26-2018 22:08:15;18.6800003051758
12-27-2018 07:18:21;18.4799995422363
12-27-2018 08:18:29;18.2600002288818
12-27-2018 11:13:33;18.6800003051758
12-27-2018 11:58:10;18.8999996185303
12-27-2018 12:43:11;19.1000003814697
12-27-2018 13:38:48;19.3199996948242
12-27-2018 15:08:34;19.5200004577637
12-27-2018 15:28:32;18.4799995422363
12-27-2018 16:23:35;19.3199996948242
12-27-2018 17:35:08;19.1000003814697
12-27-2018 19:25:10;18.8999996185303
12-27-2018 22:40:14;18.6800003051758
12-28-2018 07:07:36;18.4799995422363
12-28-2018 10:57:45;18.2600002288818
12-28-2018 14:08:01;18.5200004577637
12-29-2018 07:48:56;18.7399997711182
12-29-2018 09:10:06;18.9400005340576
12-29-2018 11:49:31;19.6399993896484
12-29-2018 12:21:36;19.8999996185303
12-29-2018 13:16:14;20.1000003814697
12-29-2018 14:21:16;20.3199996948242
12-29-2018 15:30:08;19.1599998474121
12-29-2018 16:09:30;19.4200000762939
12-29-2018 17:26:35;20.1000003814697
12-29-2018 19:41:49;19.8999996185303
12-29-2018 23:48:42;19.6800003051758
12-30-2018 02:38:46;19.4799995422363
12-30-2018 06:38:52;19.2600002288818
12-30-2018 11:44:00;19.5
12-30-2018 12:34:02;19.7000007629395
12-30-2018 13:29:03;19.9400005340576
12-30-2018 14:39:05;20.1599998474121
12-30-2018 16:29:08;19.9599990844727
12-30-2018 17:54:10;19.7199993133545
12-30-2018 19:49:14;19.5
12-30-2018 22:04:17;19.2999992370605
12-31-2018 00:44:21;19.0799999237061
12-31-2018 04:32:45;18.8799991607666
12-31-2018 11:53:41;19.1000003814697
12-31-2018 21:48:46;18.8999996185303
01-01-2019 10:59:05;19.1000003814697
01-01-2019 11:35:08;19.3199996948242
01-01-2019 12:10:09;19.5200004577637
01-01-2019 12:45:56;19.7600002288818
01-01-2019 13:35:57;19.9799995422363
01-01-2019 14:20:59;20.1800003051758
01-01-2019 17:54:30;19.9799995422363
01-01-2019 19:59:33;19.7600002288818
01-01-2019 22:49:37;19.5599994659424
01-02-2019 06:53:39;19.1399993896484
01-02-2019 07:58:33;19.3400001525879
01-02-2019 10:44:49;19.3400001525879
01-02-2019 11:29:50;19.5400009155273
01-02-2019 12:55:24;19.7600002288818
01-02-2019 13:05:14;19.5599994659424
01-02-2019 13:08:08;19.2600002288818
01-02-2019 13:10:40;19.0599994659424
01-02-2019 13:14:10;18.7600002288818
01-02-2019 13:16:06;18.5599994659424
01-02-2019 13:23:55;18.2800006866455
01-02-2019 13:27:59;18.0799999237061
01-02-2019 13:32:17;17.8799991607666
01-02-2019 13:34:33;18.0799999237061
01-02-2019 13:36:03;18.2800006866455
01-02-2019 13:39:03;18.5799999237061
01-02-2019 13:40:57;18.7800006866455
01-02-2019 13:53:05;19
01-02-2019 14:10:44;18.7999992370605
01-02-2019 14:25:06;18.5
01-02-2019 14:33:16;18.7399997711182
01-02-2019 14:38:44;18.9400005340576
01-02-2019 15:08:45;19.1599998474121
01-02-2019 18:31:15;18.9200000762939
01-02-2019 18:32:35;18.7199993133545
01-02-2019 18:34:43;18.4200000762939
01-02-2019 18:36:35;18.2199993133545
01-02-2019 18:39:19;17.9200000762939
01-02-2019 18:41:19;17.7199993133545
01-02-2019 18:45:51;17.4200000762939
01-02-2019 18:49:33;17.2199993133545
01-02-2019 18:55:27;16.9200000762939
01-02-2019 18:59:33;16.7199993133545
01-02-2019 19:05:29;16.4200000762939
01-02-2019 19:10:27;16.2199993133545
01-02-2019 19:20:37;15.960000038147
01-02-2019 19:30:12;15.6999998092651
01-02-2019 19:42:38;15.460000038147
01-02-2019 19:52:04;15.1599998474121
01-02-2019 20:06:02;15.4399995803833
01-02-2019 20:07:22;15.6599998474121
01-02-2019 20:09:02;15.8800001144409
01-02-2019 20:12:36;16.1800003051758
01-02-2019 20:18:22;16.5
01-02-2019 20:24:58;16.7000007629395
01-02-2019 20:33:08;16.9599990844727
01-02-2019 20:52:46;17.1800003051758
01-02-2019 21:01:44;16.8999996185303
01-02-2019 21:03:32;16.6000003814697
01-02-2019 21:06:26;16.3999996185303
01-02-2019 21:13:33;16.1000003814697
01-02-2019 21:21:07;15.8999996185303
01-02-2019 21:33:37;16.1000003814697
01-02-2019 21:36:57;16.3999996185303
01-02-2019 21:39:35;16.6000003814697
01-02-2019 21:47:25;16.8999996185303
01-02-2019 21:54:07;17.1000003814697
01-02-2019 22:05:07;17.3799991607666
01-02-2019 22:30:46;17.6599998474121
01-02-2019 23:05:46;17.8799991607666
01-02-2019 23:45:47;18.0799999237061
01-03-2019 01:20:49;18.2800006866455
01-03-2019 06:15:55;18.5
01-03-2019 11:24:48;18.9200000762939
01-03-2019 12:42:13;19.1399993896484
01-03-2019 13:32:13;19.3400001525879
01-03-2019 14:22:15;19.1200008392334
01-03-2019 14:33:53;19.3600006103516
01-03-2019 15:06:59;19.1599998474121
01-03-2019 15:11:10;19.3600006103516
01-03-2019 15:33:06;19.1200008392334
01-03-2019 15:39:42;18.7199993133545
01-03-2019 16:36:29;18.8400001525879
01-03-2019 16:39:19;18.6399993896484
01-03-2019 16:45:01;18.3400001525879
01-03-2019 16:49:51;18.1399993896484
01-03-2019 17:01:14;18.3600006103516
01-03-2019 17:02:24;18.6599998474121
01-03-2019 17:04:18;18.8600006103516
01-03-2019 17:10:50;18.6399993896484
01-03-2019 17:12:12;18.3400001525879
01-03-2019 17:13:16;18.1399993896484
01-03-2019 17:15:26;17.8400001525879
01-03-2019 17:17:04;17.6399993896484
01-03-2019 17:19:30;17.3400001525879
01-03-2019 17:22:26;17.1399993896484
01-03-2019 17:28:26;16.8400001525879
01-03-2019 17:32:34;16.6399993896484
01-03-2019 17:38:28;16.3400001525879
01-03-2019 17:51:26;16.0599994659424
01-03-2019 18:04:30;15.7799997329712
01-03-2019 18:16:16;15.4799995422363
01-03-2019 18:36:21;15.7600002288818
01-03-2019 18:38:35;16.0599994659424
01-03-2019 18:41:22;16.2600002288818
01-03-2019 18:46:40;16.5599994659424
01-03-2019 18:52:17;16.7600002288818
01-03-2019 19:04:21;17.0599994659424
01-03-2019 19:10:35;17.2600002288818
01-03-2019 19:24:09;17.4799995422363
01-03-2019 19:35:59;17.2199993133545
01-03-2019 19:38:41;16.9200000762939
01-03-2019 19:41:45;16.7199993133545
01-03-2019 19:50:15;16.4200000762939
01-03-2019 20:03:41;16.2199993133545
01-03-2019 20:14:27;15.9799995422363
01-03-2019 20:39:27;15.7600002288818
01-03-2019 21:04:29;16.0599994659424
01-03-2019 21:07:13;16.2600002288818
01-03-2019 21:14:02;16.5599994659424
01-03-2019 21:22:22;16.7600002288818
01-03-2019 21:36:18;17
01-03-2019 22:02:22;16.7000007629395
01-03-2019 22:04:20;16.5
01-03-2019 22:06:54;16.2999992370605
01-03-2019 22:12:20;16
01-03-2019 22:21:54;15.6999998092651
01-03-2019 22:35:59;15.460000038147
01-03-2019 22:51:54;15.2399997711182
01-03-2019 23:04:50;15.460000038147
01-03-2019 23:07:15;15.7600002288818
01-03-2019 23:12:13;16.0599994659424
01-03-2019 23:17:06;16.2600002288818
01-03-2019 23:32:09;16.0599994659424
01-03-2019 23:35:31;15.7600002288818
01-03-2019 23:37:41;15.460000038147
01-03-2019 23:39:19;15.1400003433228
01-03-2019 23:40:59;14.9399995803833
01-03-2019 23:43:33;14.7200002670288
01-03-2019 23:50:11;15
01-03-2019 23:59:47;14.7799997329712
01-04-2019 00:02:33;15.0799999237061
01-04-2019 00:04:53;15.3800001144409
01-04-2019 00:08:51;15.6800003051758
01-04-2019 00:15:45;15.9799995422363
01-04-2019 00:24:21;16.1800003051758
01-04-2019 00:43:31;16.3999996185303
01-04-2019 01:08:32;16.6200008392334
01-04-2019 01:53:32;16.8400001525879
01-04-2019 02:54:39;17.0400009155273
01-04-2019 05:04:42;17.2600002288818
01-04-2019 08:38:08;17.5200004577637
01-04-2019 11:22:14;18.0200004577637
01-04-2019 12:12:15;18.2399997711182
01-04-2019 12:42:16;18.4400005340576
01-04-2019 13:22:11;18.6800003051758
01-04-2019 15:06:27;18.9400005340576
01-04-2019 15:18:27;17.7600002288818
01-04-2019 15:20:34;18.7399997711182
01-04-2019 15:23:06;18.5200004577637
01-04-2019 15:24:34;18.3199996948242
01-04-2019 15:28:02;18.0200004577637
01-04-2019 15:30:48;17.8199996948242
01-04-2019 15:36:30;17.5200004577637
01-04-2019 15:41:42;17.3199996948242
01-04-2019 15:53:50;17.0200004577637
01-04-2019 16:04:10;17.2999992370605
01-04-2019 16:06:12;17.5
01-04-2019 16:10:02;17.7000007629395
01-04-2019 16:21:19;17.9599990844727
01-04-2019 16:51:20;18.1599998474121
01-04-2019 17:01:42;18.4200000762939
01-04-2019 17:04:24;18.2000007629395
01-04-2019 17:06:02;18
01-04-2019 17:07:42;17.7999992370605
01-04-2019 17:11:10;17.5
01-04-2019 17:16:54;17.2999992370605
01-04-2019 17:29:28;17.0799999237061
01-04-2019 17:41:35;16.8199996948242
01-04-2019 17:53:55;16.5799999237061
01-04-2019 18:05:13;16.7800006866455
01-04-2019 18:08:13;17.0799999237061
01-04-2019 18:11:41;17.2800006866455
01-04-2019 18:21:04;17.5799999237061
01-04-2019 18:40:53;17.7999992370605
01-04-2019 19:08:04;17.5
01-04-2019 19:09:24;17.2999992370605
01-04-2019 19:12:16;17
01-04-2019 19:12:54;16.7999992370605
01-04-2019 19:15:38;16.5
01-04-2019 19:17:15;16.2800006866455
01-04-2019 19:33:27;16.0599994659424
01-04-2019 19:43:47;15.7600002288818
01-04-2019 20:02:31;16.0599994659424
01-04-2019 20:04:13;16.2600002288818
01-04-2019 20:07:53;16.5599994659424
01-04-2019 20:11:57;16.7600002288818
01-04-2019 20:21:33;17.0599994659424
01-04-2019 20:36:34;17.2600002288818
01-04-2019 21:02:16;17.0200004577637
01-04-2019 21:03:50;16.8199996948242
01-04-2019 21:07:32;16.5200004577637
01-04-2019 21:10:38;16.2999992370605
01-04-2019 21:19:46;16.0200004577637
01-04-2019 21:25:34;15.8199996948242
01-04-2019 21:49:40;15.5600004196167
01-04-2019 22:03:25;15.8599996566772
01-04-2019 22:07:01;16.1599998474121
01-04-2019 22:10:17;16.3600006103516
01-04-2019 22:18:47;16.6599998474121
01-04-2019 22:33:25;16.8799991607666
01-04-2019 22:53:26;17.0799999237061
01-04-2019 23:23:26;17.2800006866455
01-05-2019 00:43:28;17.5400009155273
01-05-2019 09:13:31;17.7600002288818
01-05-2019 09:28:35;17.9799995422363
01-05-2019 12:50:22;18.2399997711182
01-06-2019 06:15:55;18
01-06-2019 12:08:24;18.4599990844727
01-06-2019 12:48:24;18.6599998474121
01-06-2019 13:43:27;18.8600006103516
01-06-2019 14:23:28;19.0799999237061
01-06-2019 15:43:23;18.2000007629395
01-06-2019 17:05:37;18.7999992370605
01-06-2019 17:07:57;18.5799999237061
01-06-2019 17:10:13;18.2600002288818
01-06-2019 17:13:07;18.0400009155273
01-06-2019 17:21:11;17.7800006866455
01-06-2019 17:22:39;17.5799999237061
01-06-2019 17:24:43;17.3799991607666
01-06-2019 17:29:21;17.0799999237061
01-06-2019 17:33:13;17.2800006866455
01-06-2019 17:39:03;17.0599994659424
01-06-2019 17:40:41;16.8199996948242
01-06-2019 17:41:21;17.0200004577637
01-06-2019 17:42:19;16.7999992370605
01-06-2019 17:51:32;17.0799999237061
01-06-2019 17:53:09;16.8799991607666
01-06-2019 18:13:18;16.6000003814697
01-06-2019 18:20:36;16.8999996185303
01-06-2019 18:29:30;16.6800003051758
01-06-2019 18:34:00;16.9599990844727
01-06-2019 18:37:54;17.1599998474121
01-06-2019 18:49:16;17.4400005340576
01-06-2019 19:01:10;17.6599998474121
01-06-2019 19:01:36;17.4400005340576
01-06-2019 19:02:31;17.2399997711182
01-06-2019 19:05:44;17.0200004577637
01-06-2019 19:07:40;16.7800006866455
01-06-2019 19:11:36;16.5200004577637
01-06-2019 19:12:25;16.2399997711182
01-06-2019 19:24:31;16
01-06-2019 19:28:29;16.2000007629395
01-06-2019 19:30:31;16
01-06-2019 19:34:19;16.2000007629395
01-06-2019 19:37:11;16
01-06-2019 19:49:29;15.7600002288818
01-06-2019 20:04:07;16.0599994659424
01-06-2019 20:06:25;16.2600002288818
01-06-2019 20:13:41;16.5599994659424
01-06-2019 20:22:05;16.7600002288818
01-06-2019 21:18:19;16.9799995422363
01-06-2019 22:33:20;17.1800003051758
01-07-2019 11:34:20;17.8199996948242
01-07-2019 12:04:20;18.0200004577637
01-07-2019 12:39:21;18.2399997711182
01-07-2019 13:17:05;18.5
01-07-2019 14:10:42;18.7199993133545
01-07-2019 15:01:21;18.9200000762939
01-07-2019 15:05:25;18.7199993133545
01-07-2019 15:11:45;18.4200000762939
01-07-2019 15:15:37;18.2199993133545
01-07-2019 15:24:35;17.3999996185303
01-07-2019 15:25:34;17.9200000762939
01-07-2019 15:32:58;17.7199993133545
01-07-2019 15:45:58;17.4599990844727
01-07-2019 15:49:19;17.6000003814697
01-07-2019 15:57:14;17.2399997711182
01-07-2019 16:01:00;17.4400005340576
01-07-2019 16:05:38;17.2399997711182
01-07-2019 16:14:12;16.9400005340576
01-07-2019 16:28:36;16.6800003051758
01-07-2019 16:45:25;16.4200000762939
01-07-2019 16:54:35;16.1800003051758
01-07-2019 17:03:05;16.4799995422363
01-07-2019 17:05:19;16.6800003051758
01-07-2019 17:14:37;16.9799995422363
01-07-2019 18:06:38;16.9400005340576
01-07-2019 18:08:20;16.7399997711182
01-07-2019 18:12:22;16.9599990844727
01-07-2019 18:18:16;16.7399997711182
01-07-2019 18:24:26;16.4400005340576
01-07-2019 18:28:16;16.2399997711182
01-07-2019 18:38:58;16.0200004577637
01-07-2019 18:51:44;15.7799997329712
01-07-2019 19:03:00;16.0799999237061
01-07-2019 19:06:08;16.2800006866455
01-07-2019 19:18:21;16.5200004577637
01-07-2019 19:53:21;16.7399997711182
01-07-2019 20:03:43;16.4599990844727
01-07-2019 20:07:27;16.1599998474121
01-07-2019 20:15:27;15.8599996566772
01-07-2019 20:23:23;15.5600004196167
01-07-2019 20:36:34;15.3199996948242
01-07-2019 20:48:48;15.0600004196167
01-07-2019 20:57:27;14.8599996566772
01-07-2019 21:05:40;15.1400003433228
01-07-2019 21:08:04;15.4399995803833
01-07-2019 21:11:23;15.6400003433228
01-07-2019 21:22:46;15.8999996185303
01-07-2019 21:47:46;16.1000003814697
01-07-2019 22:37:46;16.3199996948242
01-07-2019 22:39:50;17.2000007629395
01-07-2019 23:37:47;16.5200004577637
01-08-2019 00:40:38;16.7399997711182
01-08-2019 13:31:46;16.4799995422363
01-08-2019 13:34:14;16.1800003051758
01-08-2019 13:36:26;15.9799995422363
01-08-2019 13:39:00;15.6800003051758
01-08-2019 13:40:52;15.4799995422363
01-08-2019 13:45:36;15.1800003051758
01-08-2019 13:49:24;14.9799995422363
01-08-2019 13:56:46;14.6800003051758
01-08-2019 14:09:03;14.3999996185303
01-08-2019 14:33:13;14.6000003814697
01-08-2019 14:36:03;14.8999996185303
01-08-2019 14:38:49;15.1000003814697
01-08-2019 14:46:09;15.3999996185303
01-08-2019 14:53:41;15.6000003814697
01-08-2019 15:02:27;15.3999996185303
01-08-2019 15:05:13;15.1000003814697
01-08-2019 15:06:59;14.8999996185303
01-08-2019 15:10:13;14.6000003814697
01-08-2019 15:14:49;14.3999996185303
01-08-2019 15:23:32;14.6199998855591
01-08-2019 15:26:06;14.9200000762939
01-08-2019 15:29:37;15.2200002670288
01-08-2019 15:35:46;15.5200004577637
01-08-2019 15:45:14;15.8199996948242
01-08-2019 16:10:14;16.0400009155273
01-08-2019 16:45:15;16.2800006866455
01-08-2019 18:00:15;16.5
01-08-2019 19:11:40;16.7399997711182
01-08-2019 21:41:48;16.9400005340576
01-09-2019 06:02:02;17.1599998474121
01-09-2019 11:19:57;17.8400001525879
01-09-2019 11:56:00;18.0799999237061
01-09-2019 13:53:50;18.2800006866455
01-09-2019 14:57:42;17.3799991607666
01-09-2019 15:26:23;18.0799999237061
01-09-2019 15:33:09;18.3400001525879
01-09-2019 15:33:23;17.6200008392334
01-09-2019 15:34:39;18.5400009155273
01-09-2019 15:39:18;18.2999992370605
01-09-2019 15:40:50;18
01-09-2019 15:41:56;17.7999992370605
01-09-2019 15:43:44;17.5
01-09-2019 15:45:14;17.2999992370605
01-09-2019 15:46:10;17.0799999237061
01-09-2019 15:46:36;16.8400001525879
01-09-2019 15:47:48;16.6200008392334
01-09-2019 15:49:14;16.3999996185303
01-09-2019 15:50:58;16.1599998474121
01-09-2019 16:00:58;16.3999996185303
01-09-2019 16:02:18;16.6000003814697
01-09-2019 16:04:10;16.8199996948242
01-09-2019 16:06:54;17.0200004577637
01-09-2019 16:13:48;17.3199996948242
01-09-2019 16:26:53;17.5200004577637
01-09-2019 16:32:05;17.3199996948242
01-09-2019 16:34:09;17.0200004577637
01-09-2019 16:34:45;16.8199996948242
01-09-2019 16:34:55;16.5599994659424
01-09-2019 16:37:37;16.2600002288818
01-09-2019 16:38:51;16.0599994659424
01-09-2019 16:41:13;15.7600002288818
01-09-2019 16:45:01;15.460000038147
01-09-2019 16:53:13;15.2399997711182
01-09-2019 17:01:33;15.539999961853
01-09-2019 17:02:33;15.7600002288818
01-09-2019 17:05:01;16.0599994659424
01-09-2019 17:07:23;16.2600002288818
01-09-2019 17:12:43;16.5599994659424
01-09-2019 17:17:01;16.7600002288818
01-09-2019 17:26:10;16.9799995422363
01-09-2019 17:34:05;17.1800003051758
01-09-2019 17:35:50;16.9799995422363
01-09-2019 17:37:07;16.7600002288818
01-09-2019 17:37:42;16.5400009155273
01-09-2019 17:38:36;16.3400001525879
01-09-2019 17:39:48;16.1399993896484
01-09-2019 17:41:42;15.8199996948242
01-09-2019 17:44:20;15.5200004577637
01-09-2019 17:46:52;15.3199996948242
01-09-2019 17:47:34;15.0200004577637
01-09-2019 17:49:12;14.8199996948242
01-09-2019 17:55:46;14.5200004577637
01-09-2019 17:59:54;14.8400001525879
01-09-2019 18:01:28;15.1400003433228
01-09-2019 18:03:40;15.4399995803833
01-09-2019 18:05:14;15.6400003433228
01-09-2019 18:08:48;15.9399995803833
01-09-2019 18:13:28;16.2399997711182
01-09-2019 18:17:48;16.4400005340576
01-09-2019 18:28:34;16.7399997711182
01-09-2019 18:36:02;16.9400005340576
01-09-2019 18:55:00;17.1800003051758
01-09-2019 19:27:51;17.3999996185303
01-09-2019 20:22:36;17.6200008392334
01-09-2019 22:32:39;17.8600006103516
01-10-2019 10:48:38;18.1000003814697
01-10-2019 15:51:05;18.3199996948242
01-10-2019 17:27:54;18.5400009155273
01-10-2019 18:05:13;18.2600002288818
01-10-2019 18:17:41;18.5200004577637
01-10-2019 23:55:31;18.2999992370605
01-11-2019 08:54:08;18.1599998474121
01-11-2019 11:03:31;18.5799999237061
01-11-2019 11:32:21;18.7999992370605
01-11-2019 12:20:50;19.0200004577637
01-11-2019 12:50:51;19.2399997711182
01-11-2019 15:13:30;18.3600006103516
01-12-2019 01:31:32;19.0200004577637
01-12-2019 11:20:33;19.2800006866455
01-12-2019 12:00:04;19.5200004577637
01-12-2019 12:44:38;19.8199996948242
01-12-2019 13:35:09;20.0200004577637
01-12-2019 15:00:10;20.2600002288818
01-12-2019 17:27:10;20.0599994659424
01-12-2019 18:57:13;19.8400001525879
01-12-2019 21:12:15;19.6399993896484
01-13-2019 00:39:02;19.4200000762939
01-13-2019 04:44:08;19.2199993133545
01-13-2019 11:34:17;19.6200008392334
01-13-2019 12:12:52;19.9200000762939
01-13-2019 12:53:54;20.1200008392334
01-13-2019 13:33:55;20.3400001525879
01-13-2019 14:42:16;20.5400009155273
01-13-2019 15:54:16;19.4200000762939
01-13-2019 17:56:07;20.3400001525879
01-13-2019 19:31:10;20.1399993896484
01-13-2019 22:31:13;19.9200000762939
01-14-2019 01:21:17;19.7199993133545
01-14-2019 06:20:32;19.5
01-14-2019 13:36:05;19.7199993133545
01-14-2019 14:15:26;19.9200000762939
01-14-2019 15:15:02;20.1200008392334
01-14-2019 18:01:59;20.3999996185303
01-14-2019 18:11:01;20.1800003051758
01-14-2019 21:06:23;19.9799995422363
01-15-2019 00:45:40;19.7399997711182
01-15-2019 05:15:45;19.5200004577637
01-15-2019 11:46:48;20.0400009155273
01-15-2019 12:56:38;20.2600002288818
01-15-2019 14:38:06;20.4799995422363
01-15-2019 16:13:30;19.7399997711182
01-15-2019 17:01:37;20.2399997711182
01-16-2019 00:32:35;20.0200004577637
01-16-2019 02:54:37;19.8199996948242
01-16-2019 08:09:47;19.6000003814697
01-16-2019 12:31:47;20.0200004577637
01-16-2019 14:59:20;19.8199996948242
01-16-2019 16:03:32;19.8199996948242
01-16-2019 16:14:12;20.0200004577637
01-16-2019 17:56:56;19.8199996948242
01-16-2019 21:28:11;19.5599994659424
01-17-2019 00:20:11;19.3400001525879
01-17-2019 01:40:13;19.1399993896484
01-17-2019 04:50:16;18.6800003051758
01-17-2019 06:34:39;18.4799995422363
01-17-2019 08:15:14;18.8999996185303
01-17-2019 11:03:55;18.7000007629395
01-17-2019 11:57:14;19
01-17-2019 12:03:07;18.7999992370605
01-17-2019 12:22:17;19
01-17-2019 13:07:18;19.2000007629395
01-17-2019 15:26:45;19.4200000762939
01-17-2019 16:00:38;19.1800003051758
01-17-2019 18:22:42;18.9599990844727
01-17-2019 21:03:32;18.7399997711182
01-17-2019 23:13:06;18.5
01-18-2019 01:41:26;18.2999992370605
01-18-2019 04:11:07;18.0599994659424
01-18-2019 07:36:11;17.8400001525879
01-18-2019 12:59:03;18.0400009155273
01-18-2019 13:49:04;18.2600002288818
01-18-2019 15:18:50;18.4799995422363
01-18-2019 16:03:13;18.2600002288818
01-18-2019 16:26:25;18.0599994659424
01-18-2019 16:32:31;18.2800006866455
01-18-2019 19:00:19;18.5
01-19-2019 12:35:29;18.9400005340576
01-19-2019 15:10:16;18.7399997711182
01-21-2019 00:49:15;18.7399997711182
01-21-2019 12:18:23;18.9799995422363
01-21-2019 13:39:01;19.1800003051758
01-21-2019 20:04:34;18.9799995422363
01-22-2019 07:23:00;18.7600002288818
01-22-2019 11:00:29;19.3400001525879
01-22-2019 12:00:38;19.6000003814697
01-22-2019 13:36:17;19.8199996948242
01-22-2019 14:21:35;20.0200004577637
01-22-2019 15:13:00;19.0400009155273
01-22-2019 19:48:06;20.2399997711182
01-23-2019 00:54:15;20.0200004577637
01-23-2019 06:44:47;19.6000003814697
01-23-2019 07:55:33;19.8199996948242
01-23-2019 15:23:38;19.9200000762939
01-23-2019 16:18:19;19.6800003051758
01-23-2019 16:36:38;19.4200000762939
01-23-2019 16:49:11;19.2000007629395
01-23-2019 18:00:53;19.4200000762939
01-23-2019 18:30:33;19.6399993896484
01-23-2019 19:08:50;19.7000007629395
01-23-2019 19:16:42;19.8400001525879
01-23-2019 19:45:45;20.0400009155273
01-23-2019 22:50:41;20.2600002288818
01-24-2019 06:29:08;20.7399997711182
01-24-2019 08:20:48;20.4799995422363
01-24-2019 12:32:48;21.1599998474121
01-24-2019 14:24:00;21.3600006103516
01-24-2019 14:58:05;20.9599990844727
01-24-2019 16:59:58;21.5799999237061
01-24-2019 19:46:25;21.7999992370605
01-24-2019 19:47:15;22
01-24-2019 19:57:34;21.7800006866455
01-24-2019 23:45:07;21.5599994659424
01-25-2019 06:02:05;21.2600002288818
01-25-2019 08:24:24;21.2999992370605
01-25-2019 11:02:53;21.4799995422363
01-25-2019 11:47:06;21.7000007629395
01-25-2019 13:00:20;21.9200000762939
01-25-2019 16:01:49;21.7000007629395
01-25-2019 17:03:55;21.5
01-25-2019 20:06:34;21.2999992370605
01-25-2019 21:26:36;21.0799999237061
01-25-2019 21:59:34;21.7000007629395
01-25-2019 22:31:38;20.8799991607666
01-26-2019 00:11:40;20.6399993896484
01-26-2019 01:25:15;20.4200000762939
01-26-2019 03:47:36;20
01-26-2019 05:12:38;19.7999992370605
01-26-2019 06:27:40;19.5799999237061
01-26-2019 07:47:34;20.2199993133545
01-26-2019 08:43:15;19.3600006103516
01-26-2019 10:40:22;19.6000003814697
01-26-2019 11:45:23;19.8400001525879
01-26-2019 12:45:25;20.0799999237061
01-26-2019 13:50:26;20.2800006866455
01-26-2019 15:20:29;20.5
01-26-2019 16:45:31;20.2999992370605
01-26-2019 17:01:29;20.0799999237061
01-26-2019 17:04:08;19.8799991607666
01-26-2019 17:25:22;20.1399993896484
01-26-2019 17:32:54;20.3400001525879
01-26-2019 17:39:54;20.5400009155273
01-26-2019 17:44:54;20.8400001525879
01-26-2019 17:46:38;21.0400009155273
01-26-2019 17:48:24;21.3400001525879
01-26-2019 17:50:00;21.5400009155273
01-26-2019 17:51:37;21.3400001525879
01-26-2019 17:52:52;21.1399993896484
01-26-2019 17:55:37;20.8400001525879
01-26-2019 17:59:43;20.6399993896484
01-26-2019 18:23:01;20.3999996185303
01-26-2019 18:53:02;20.1800003051758
01-26-2019 19:38:03;19.9799995422363
01-26-2019 20:33:04;19.7600002288818
01-26-2019 21:38:06;19.5599994659424
01-26-2019 22:48:08;19.3400001525879
01-27-2019 00:08:10;19.1399993896484
01-29-2019 15:36:48;18.3199996948242
01-29-2019 15:42:52;18.5200004577637
01-29-2019 17:10:04;18.8199996948242
01-29-2019 17:11:08;19.0200004577637
01-29-2019 17:21:16;18.8199996948242
01-30-2019 07:40:00;19.0599994659424
01-30-2019 11:40:59;19.7199993133545
01-30-2019 12:21:00;19.9400005340576
01-30-2019 13:01:01;20.2000007629395
01-30-2019 15:02:56;20.4200000762939
01-30-2019 15:06:37;19.2600002288818
01-30-2019 15:55:58;19.5
01-30-2019 16:50:37;20.2199993133545
01-30-2019 18:33:52;19.9599990844727
01-30-2019 22:29:38;19.7399997711182
01-31-2019 08:26:10;19.5200004577637
01-31-2019 09:21:18;19.3999996185303
01-31-2019 11:13:44;19.5
01-31-2019 11:27:58;19.2800006866455
01-31-2019 12:47:33;19.7199993133545
01-31-2019 16:31:56;19.5
01-31-2019 18:05:49;19.2999992370605
02-01-2019 04:02:22;18.8400001525879
02-01-2019 05:27:16;19.0599994659424
02-01-2019 06:53:43;18.6399993896484
02-01-2019 07:12:54;18.4200000762939
02-01-2019 10:37:02;18.6200008392334
02-01-2019 11:22:03;18.8400001525879
02-01-2019 11:57:03;19.0400009155273
02-01-2019 12:36:25;19.2600002288818
02-01-2019 13:58:41;19.5
02-01-2019 14:55:07;19.7399997711182
02-01-2019 16:02:09;19.5200004577637
02-01-2019 16:28:30;19.3199996948242
02-01-2019 16:35:56;19.5200004577637
02-01-2019 18:31:57;19.3199996948242
02-01-2019 23:40:45;19.1000003814697
02-02-2019 04:35:52;18.6599998474121
02-02-2019 07:10:48;18.8600006103516
02-02-2019 07:30:56;18.4400005340576
02-02-2019 14:25:15;18.9599990844727
02-02-2019 16:05:57;18.7399997711182
02-02-2019 17:56:03;18.7399997711182
02-03-2019 00:41:01;18.5
02-03-2019 07:08:49;18.2999992370605
02-03-2019 14:18:59;18.5400009155273
02-03-2019 17:49:04;18.7600002288818
02-04-2019 08:21:27;18.5599994659424
02-04-2019 11:48:37;19.4200000762939
02-04-2019 12:18:38;19.6399993896484
02-04-2019 12:48:39;19.8400001525879
02-04-2019 13:07:03;20.0400009155273
02-04-2019 13:45:32;20.2999992370605
02-04-2019 14:34:08;20.5
02-04-2019 14:46:15;18.7600002288818
02-04-2019 15:36:16;18.9799995422363
02-04-2019 15:41:06;20.7000007629395
02-04-2019 16:16:17;19.2000007629395
02-04-2019 17:29:26;20.9400005340576
02-04-2019 18:29:28;20.7399997711182
02-04-2019 19:26:46;21
02-05-2019 05:30:04;20.7999992370605
02-05-2019 06:56:17;20.7199993133545
02-05-2019 07:06:04;20.7000007629395
02-05-2019 11:29:55;20.8999996185303
02-05-2019 11:54:56;21.1000003814697
02-05-2019 12:59:02;21.3199996948242
02-05-2019 13:47:54;21.5200004577637
02-05-2019 14:56:51;20.4799995422363
02-05-2019 15:12:32;21.7600002288818
02-05-2019 15:27:32;20.6800003051758
02-05-2019 16:16:42;21.9799995422363
02-06-2019 00:02:06;21.7600002288818
02-06-2019 04:57:15;21.3400001525879
02-06-2019 07:07:10;21.5599994659424
02-06-2019 07:32:21;21.1200008392334
02-06-2019 10:37:46;21.3400001525879
02-06-2019 10:54:01;21.6200008392334
02-06-2019 12:45:06;21.8999996185303
02-06-2019 12:58:22;21.6599998474121
02-06-2019 16:55:35;21.4400005340576
02-06-2019 17:06:09;21.2399997711182
02-06-2019 17:51:10;21.0200004577637
02-06-2019 18:16:33;21.2800006866455
02-06-2019 20:50:56;21.6599998474121
02-06-2019 21:51:36;21.0799999237061
02-06-2019 23:06:08;20.8799991607666
02-21-2019 08:31:36;18.3799991607666
02-21-2019 12:27:22;18.5799999237061
02-21-2019 13:32:23;18.7800006866455
02-21-2019 14:11:55;19.0400009155273
02-21-2019 14:18:01;19.3400001525879
02-21-2019 14:19:07;19.5400009155273
02-21-2019 14:25:53;19.7600002288818
02-21-2019 14:32:00;19.5599994659424
02-21-2019 14:33:18;19.7600002288818
02-21-2019 14:36:10;19.5599994659424
02-21-2019 14:50:40;19.2999992370605
02-21-2019 15:03:00;19.0200004577637
02-22-2019 11:55:45;19.5
02-22-2019 12:04:42;19.2399997711182
02-22-2019 12:12:48;18.9400005340576
02-22-2019 12:23:42;18.7399997711182
02-22-2019 12:44:28;19
02-22-2019 13:22:46;18.7800006866455
02-22-2019 13:52:43;18.5400009155273
02-22-2019 13:58:54;18.8400001525879
02-22-2019 14:01:13;19.0400009155273
02-22-2019 14:02:21;19.3400001525879
02-22-2019 14:04:09;19.1399993896484
02-22-2019 14:12:53;19.4200000762939
02-22-2019 14:14:09;19.6200008392334
02-22-2019 14:16:41;19.9200000762939
02-22-2019 14:18:37;20.1200008392334
02-22-2019 14:24:21;20.4200000762939
02-22-2019 14:26:43;20.6200008392334
02-22-2019 14:30:35;20.9200000762939
02-22-2019 14:35:49;20.7199993133545
02-22-2019 14:39:05;20.4200000762939
02-22-2019 14:41:35;20.2199993133545
02-22-2019 14:46:01;19.9200000762939
02-22-2019 14:52:17;19.7199993133545
02-22-2019 15:24:17;18.5599994659424
02-22-2019 15:31:41;18.7600002288818
02-22-2019 15:48:41;19.0599994659424
02-22-2019 15:58:19;19.2600002288818
02-22-2019 18:57:35;19.9400005340576
02-22-2019 19:01:28;19.7199993133545
02-23-2019 01:11:29;19.5
02-23-2019 06:11:33;19.0799999237061
02-23-2019 07:53:58;18.7999992370605
02-23-2019 08:11:15;18.5799999237061
02-23-2019 09:04:32;18.7999992370605
02-23-2019 09:06:31;19.2999992370605
02-23-2019 09:17:09;19
02-23-2019 10:53:03;19.0400009155273
02-23-2019 11:38:04;19.2600002288818
02-23-2019 12:30:30;19.5
02-23-2019 15:30:17;18.7600002288818
02-23-2019 16:02:47;19.7000007629395
02-23-2019 18:07:49;19.5
02-23-2019 21:53:02;19.2999992370605
02-24-2019 01:24:41;19.0799999237061
02-24-2019 05:24:55;18.8799991607666
02-24-2019 12:03:12;18.6200008392334
02-24-2019 15:59:17;18.8400001525879
02-24-2019 22:14:20;18.5799999237061
02-25-2019 07:44:54;18.7800006866455
02-25-2019 10:29:25;19.2999992370605
02-25-2019 10:45:52;19.2800006866455
02-25-2019 11:45:12;19.5400009155273
02-25-2019 12:40:39;19.7800006866455
02-25-2019 15:05:42;19.0799999237061
02-25-2019 17:01:10;19.5599994659424
02-25-2019 22:20:09;19.3400001525879
02-26-2019 01:06:59;19.1399993896484
02-26-2019 04:02:01;18.8999996185303
02-26-2019 07:04:07;18.6800003051758
02-26-2019 11:21:35;18.9200000762939
02-26-2019 12:24:30;19.1200008392334
02-26-2019 13:04:31;19.3400001525879
02-26-2019 13:39:31;19.5400009155273
02-26-2019 14:36:06;19.7600002288818
02-26-2019 15:50:13;20
02-26-2019 17:38:05;19.7800006866455
02-26-2019 19:16:34;19.5799999237061
02-26-2019 20:21:35;19.3799991607666
02-26-2019 21:55:28;19.1599998474121
02-26-2019 23:39:29;18.9400005340576
02-27-2019 02:15:43;18.7399997711182
02-27-2019 04:25:44;18.5
02-27-2019 06:35:45;18.2999992370605
02-27-2019 15:54:09;18.0799999237061
02-27-2019 17:54:10;17.8799991607666
02-27-2019 18:57:55;17.6599998474121
02-27-2019 21:14:34;17.4599990844727
02-27-2019 22:59:34;17.2399997711182
02-28-2019 00:41:36;17.0200004577637
02-28-2019 01:56:37;16.8199996948242
02-28-2019 03:53:07;16.6000003814697
02-28-2019 05:18:07;16.3999996185303
02-28-2019 07:03:08;16.1599998474121
02-28-2019 07:26:24;15.8599996566772
02-28-2019 10:38:35;15.9399995803833
02-28-2019 11:16:52;15.7200002670288
02-28-2019 11:53:44;16.0200004577637
02-28-2019 12:33:37;16.2399997711182
02-28-2019 13:26:00;16.4799995422363
02-28-2019 13:39:28;16.7600002288818
02-28-2019 13:41:38;17.0599994659424
02-28-2019 13:42:46;17.2600002288818
02-28-2019 13:44:24;17.5599994659424
02-28-2019 13:45:14;17.7600002288818
02-28-2019 13:46:44;18.0599994659424
02-28-2019 13:47:58;18.2600002288818
02-28-2019 13:50:10;18.5599994659424
02-28-2019 13:52:12;18.7600002288818
02-28-2019 14:03:00;18.5599994659424
02-28-2019 14:04:50;18.2600002288818
02-28-2019 14:06:30;18.0400009155273
02-28-2019 14:09:02;17.8199996948242
02-28-2019 14:12:10;17.6000003814697
02-28-2019 14:16:22;17.3999996185303
02-28-2019 14:31:00;17.1800003051758
02-28-2019 15:03:05;16.9400005340576
02-28-2019 15:36:35;17.1599998474121
02-28-2019 19:44:40;16.9599990844727
02-28-2019 21:39:41;16.7399997711182
02-28-2019 23:49:25;16.5
03-01-2019 02:29:24;16.2999992370605
03-01-2019 04:09:25;16.0799999237061
03-01-2019 04:33:26;15.8599996566772
03-01-2019 08:09:56;16.0799999237061
03-01-2019 08:37:20;15.8599996566772
03-01-2019 10:21:26;16.1200008392334
03-01-2019 11:05:54;16.3400001525879
03-01-2019 11:45:55;16.5400009155273
03-01-2019 13:02:42;16.7600002288818
03-01-2019 13:32:31;17.0200004577637
03-01-2019 14:02:30;17.2399997711182
03-01-2019 16:13:18;17.4400005340576
03-01-2019 17:07:56;17.6800003051758
03-01-2019 17:11:16;17.8999996185303
03-01-2019 17:56:17;18.1200008392334
03-01-2019 18:41:17;18.3400001525879
03-01-2019 19:11:13;18.5599994659424
03-01-2019 20:21:07;18.7600002288818
03-01-2019 20:53:50;18.9799995422363
03-01-2019 22:26:05;19.2000007629395
03-01-2019 23:46:06;19.4200000762939
03-02-2019 00:56:07;19.6200008392334
03-02-2019 02:36:08;19.8600006103516
03-02-2019 04:46:10;20.0799999237061
03-02-2019 06:21:12;20.2800006866455
03-02-2019 08:31:13;20.5
03-02-2019 09:29:44;20.7000007629395
03-02-2019 11:44:48;20.9400005340576
03-02-2019 13:01:03;21.1599998474121
03-02-2019 14:31:04;21.3600006103516
03-02-2019 16:47:07;21.5799999237061
03-02-2019 21:14:06;21.7800006866455
03-03-2019 00:39:08;22.0200004577637
03-03-2019 05:49:20;22.2600002288818
03-03-2019 08:56:27;22.4799995422363
03-03-2019 09:51:28;22.6800003051758
03-03-2019 10:36:29;22.8999996185303
03-03-2019 10:55:33;23.1000003814697
03-03-2019 12:01:58;23.3199996948242
03-03-2019 14:37:23;23.1000003814697
03-03-2019 16:30:37;22.8999996185303
03-03-2019 18:45:39;22.6800003051758
03-03-2019 22:56:58;22.4799995422363
03-04-2019 04:12:49;22.2600002288818
03-04-2019 12:43:35;22.5
03-04-2019 14:24:59;22.7199993133545
03-04-2019 14:29:39;22.9200000762939
03-04-2019 14:37:19;23.1200008392334
03-04-2019 14:48:48;23.4200000762939
03-04-2019 15:02:06;23.6599998474121
03-04-2019 15:16:11;23.8799991607666
03-04-2019 15:32:31;24.1599998474121
03-04-2019 15:49:01;24.3999996185303
03-04-2019 16:05:07;24.6800003051758
03-04-2019 16:20:30;24.9799995422363
03-04-2019 16:39:13;25.1800003051758
03-04-2019 17:19:13;25.4200000762939
03-04-2019 17:48:28;25.6399993896484
03-04-2019 18:18:29;25.8799991607666
03-04-2019 18:56:30;26.1399993896484
03-04-2019 19:36:31;26.3600006103516
03-04-2019 20:43:33;26.6800003051758
03-04-2019 22:42:25;26.8999996185303
03-14-2019 17:10:08;25.4200000762939
03-14-2019 17:36:36;25.6399993896484
03-14-2019 18:41:38;25.8400001525879
03-14-2019 19:25:08;25.6399993896484
03-14-2019 20:40:10;25.4200000762939
03-14-2019 21:35:04;25.2000007629395
03-14-2019 22:03:06;25.1599998474121
03-14-2019 22:12:58;24.8799991607666
03-14-2019 22:29:23;24.6399993896484
03-14-2019 22:45:46;24.3400001525879
03-14-2019 23:04:46;24.0799999237061
03-14-2019 23:21:02;23.8600006103516
03-14-2019 23:45:27;23.5799999237061
03-14-2019 23:55:51;23.3799991607666
03-15-2019 00:16:52;23.1399993896484
03-15-2019 00:30:08;22.8999996185303
03-15-2019 00:46:04;22.6599998474121
03-15-2019 00:58:07;22.4599990844727
03-15-2019 01:13:09;22.2000007629395
03-15-2019 01:50:50;21.9200000762939
03-15-2019 05:59:32;22.4200000762939
03-15-2019 06:44:33;22.2000007629395
03-15-2019 07:19:06;21.9799995422363
03-15-2019 07:22:34;22.1800003051758
03-15-2019 07:24:29;22.1800003051758
03-15-2019 07:30:51;21.9799995422363
03-15-2019 07:54:29;22.3999996185303
03-15-2019 08:39:30;22.6200008392334
03-15-2019 09:17:28;22.2199993133545
03-15-2019 09:35:13;22.4200000762939
03-15-2019 09:42:51;22.6200008392334
03-15-2019 09:47:15;22.9200000762939
03-15-2019 09:50:51;23.1200008392334
03-15-2019 10:02:39;23.3600006103516
03-15-2019 10:52:56;23.1399993896484
03-15-2019 11:02:28;22.8400001525879
03-15-2019 11:05:58;22.6399993896484
03-15-2019 11:10:57;22.3400001525879
03-15-2019 11:13:57;22.5400009155273
03-15-2019 11:21:53;22.2800006866455
03-15-2019 11:22:15;22.0599994659424
03-15-2019 11:24:53;22.2600002288818
03-15-2019 11:31:45;22.0599994659424
03-15-2019 11:38:55;21.7600002288818
03-15-2019 11:42:11;21.5599994659424
03-15-2019 11:43:29;21.7600002288818
03-15-2019 11:46:25;21.5599994659424
03-15-2019 11:56:34;21.7800006866455
03-15-2019 11:57:47;21.5799999237061
03-15-2019 11:58:19;21.3400001525879
03-15-2019 12:00:05;21.1399993896484
03-15-2019 12:02:00;20.9200000762939
03-15-2019 12:02:35;20.6800003051758
03-15-2019 12:04:57;20.9799995422363
03-15-2019 12:06:30;21.1800003051758
03-15-2019 12:09:04;21.5
03-15-2019 12:11:44;21.7000007629395
03-15-2019 13:30:45;22.1800003051758
03-15-2019 13:31:17;21.9200000762939
03-15-2019 13:32:03;21.6800003051758
03-15-2019 13:33:51;21.4599990844727
03-15-2019 13:34:57;21.1599998474121
03-15-2019 13:36:07;20.9599990844727
03-15-2019 13:38:55;21.1599998474121
03-15-2019 13:40:29;21.3600006103516
03-15-2019 13:49:02;21.7000007629395
03-15-2019 13:54:44;21.5
03-15-2019 13:55:32;21.2999992370605
03-15-2019 13:59:50;21.5200004577637
03-15-2019 14:10:50;21.7600002288818
03-15-2019 14:12:36;21.5599994659424
03-15-2019 14:14:08;21.3400001525879
03-15-2019 14:14:58;21.1399993896484
03-15-2019 14:18:56;21.3400001525879
03-15-2019 14:21:54;21.5400009155273
03-15-2019 14:41:16;21.3400001525879
03-15-2019 14:51:51;21.0599994659424
03-15-2019 14:55:55;20.7600002288818
03-15-2019 15:01:21;20.5599994659424
03-15-2019 15:04:25;20.7600002288818
03-15-2019 15:08:57;21.0599994659424
03-15-2019 15:17:39;20.8400001525879
03-15-2019 15:21:47;20.6399993896484
03-15-2019 15:23:23;20.3400001525879
03-15-2019 15:24:47;20.1399993896484
03-15-2019 15:37:08;20.3400001525879
03-15-2019 15:46:48;20.1399993896484
03-15-2019 15:50:16;20.3400001525879
03-15-2019 15:53:06;20.1200008392334
03-15-2019 15:57:58;20.4200000762939
03-15-2019 15:59:44;20.6200008392334
03-15-2019 16:02:46;20.9200000762939
03-15-2019 16:05:24;21.1200008392334
03-15-2019 16:11:28;21.4400005340576
03-15-2019 16:16:50;21.6599998474121
03-15-2019 16:31:51;21.8600006103516
03-15-2019 17:16:45;22.1200008392334
03-15-2019 17:19:02;22
03-15-2019 17:25:32;22.2000007629395
03-15-2019 17:37:50;22.4200000762939
03-15-2019 17:49:18;22.3600006103516
03-15-2019 20:07:37;22.1200008392334
03-16-2019 00:43:20;21.8799991607666
03-16-2019 04:33:26;21.4599990844727
03-16-2019 06:03:28;21.2199993133545
03-16-2019 07:08:29;21
03-16-2019 08:18:24;21.6599998474121
03-16-2019 09:32:56;20.7999992370605
03-16-2019 10:54:59;20.5799999237061
03-16-2019 13:53:43;20.7999992370605
03-16-2019 14:41:13;21.0200004577637
03-16-2019 15:16:13;21.2600002288818
03-16-2019 15:56:14;21.5
03-16-2019 16:31:15;21.7000007629395
03-16-2019 17:16:16;21.9200000762939
03-16-2019 22:58:24;21.7199993133545
03-17-2019 01:03:27;21.5
03-17-2019 05:04:38;21.0599994659424
03-17-2019 07:49:42;20.8400001525879
03-17-2019 07:53:29;21.2999992370605
03-17-2019 11:59:48;21.0400009155273
03-17-2019 14:02:17;21.5799999237061
03-17-2019 14:42:18;21.7999992370605
03-17-2019 16:00:20;22.0200004577637
03-17-2019 16:45:21;22.2399997711182
03-17-2019 17:32:50;22.4400005340576
03-17-2019 18:12:22;21.3199996948242
03-17-2019 20:27:39;22.2399997711182
03-17-2019 21:32:41;22.0200004577637
03-17-2019 23:02:43;21.8199996948242
03-18-2019 00:47:46;21.6000003814697
03-18-2019 03:22:49;21.1800003051758
03-18-2019 04:47:51;20.9799995422363
03-18-2019 06:22:54;20.7399997711182
03-18-2019 07:02:47;21.3999996185303
03-18-2019 08:34:16;20.9400005340576
03-18-2019 09:23:05;21.1599998474121
03-18-2019 10:47:32;20.9400005340576
03-18-2019 18:43:44;22.1599998474121
03-18-2019 19:28:59;21.9599990844727
03-18-2019 20:14:00;21.7199993133545
03-18-2019 20:59:01;21.5
03-18-2019 21:49:02;21.2800006866455
03-18-2019 22:18:47;22.4599990844727
03-18-2019 22:39:03;21.0799999237061
03-19-2019 00:44:05;20.8799991607666
03-19-2019 01:49:06;20.6599998474121
03-19-2019 03:59:09;20.2399997711182
03-19-2019 05:04:10;20.0200004577637
03-19-2019 06:19:11;19.8199996948242
03-19-2019 07:49:07;20.4599990844727
03-19-2019 07:59:13;19.6000003814697
03-19-2019 09:46:39;19.8600006103516
03-19-2019 11:38:21;20.1000003814697
03-19-2019 14:10:04;20.9799995422363
03-19-2019 14:54:51;21.1800003051758
03-19-2019 16:20:03;21.4200000762939
03-19-2019 17:12:00;21.6200008392334
03-19-2019 17:21:04;20.3199996948242
03-19-2019 17:56:04;20.5200004577637
03-19-2019 18:36:05;20.7600002288818
03-19-2019 19:51:23;21.3999996185303
03-19-2019 21:21:25;21.1800003051758
03-19-2019 22:11:26;20.9799995422363
03-19-2019 23:11:28;20.7600002288818
03-20-2019 00:11:29;20.5599994659424
03-20-2019 01:16:31;20.3400001525879
03-20-2019 03:46:34;19.9200000762939
03-20-2019 05:11:36;19.7199993133545
03-20-2019 06:36:38;19.5
03-20-2019 07:31:33;20.1399993896484
03-20-2019 11:01:45;19.2600002288818
03-20-2019 11:02:53;19.0599994659424
03-20-2019 11:04:13;18.7399997711182
03-20-2019 11:05:45;18.4400005340576
03-20-2019 11:07:07;18.2399997711182
03-20-2019 11:09:01;17.9400005340576
03-20-2019 11:09:53;17.7199993133545
03-20-2019 11:11:53;17.3999996185303
03-20-2019 11:13:50;17.1000003814697
03-20-2019 11:16:17;16.8999996185303
03-20-2019 11:25:34;16.6200008392334
03-20-2019 11:27:30;16.4200000762939
03-20-2019 11:32:46;16.2199993133545
03-20-2019 11:34:12;16.4200000762939
03-20-2019 11:38:18;16.6200008392334
03-20-2019 11:49:30;16.4200000762939
03-20-2019 11:52:58;16.2199993133545
03-20-2019 12:06:00;16.4200000762939
03-20-2019 12:07:06;16.6200008392334
03-20-2019 12:09:14;16.9200000762939
03-20-2019 12:11:02;17.1200008392334
03-20-2019 12:15:04;17.4200000762939
03-20-2019 13:58:44;17.8999996185303
03-20-2019 14:06:00;17.6000003814697
03-20-2019 14:18:18;17.3600006103516
03-20-2019 14:47:13;17.6200008392334
03-20-2019 15:03:49;17.8799991607666
03-20-2019 15:05:49;17.8799991607666
