Time;Natural ventilation, Roof, Zone 32 - Rm. 3-1, Lounge, Room sensor celsius
08-27-2018 22:13:43;26.2399997711182
08-28-2018 00:03:49;26.0200004577637
08-28-2018 01:23:52;25.7999992370605
08-28-2018 03:18:58;25.5799999237061
08-28-2018 05:34:04;25.3799991607666
08-28-2018 09:32:35;25.5799999237061
08-28-2018 09:38:32;25.7800006866455
08-28-2018 10:07:27;26.0200004577637
08-28-2018 10:16:58;26.2800006866455
08-28-2018 10:26:40;26.5799999237061
08-28-2018 10:37:31;26.7999992370605
08-28-2018 10:50:01;27.0799999237061
08-28-2018 10:55:25;27.2999992370605
08-28-2018 10:58:46;27.5
08-28-2018 11:07:20;27.7800006866455
08-28-2018 11:15:08;28.0200004577637
08-28-2018 11:28:17;28.2999992370605
08-28-2018 11:42:52;28.5799999237061
08-28-2018 11:54:46;28.8400001525879
08-28-2018 12:07:31;29.1000003814697
08-28-2018 12:30:50;29.3799991607666
08-28-2018 12:45:17;29.6000003814697
08-28-2018 13:04:38;29.8199996948242
08-28-2018 13:23:53;30.0200004577637
08-28-2018 13:52:19;30.2800006866455
08-28-2018 14:04:39;30.5799999237061
08-28-2018 14:30:25;30.8600006103516
08-28-2018 14:56:04;31.1200008392334
08-28-2018 15:41:08;31.3999996185303
08-28-2018 16:32:37;31.6800003051758
08-28-2018 17:41:37;31.4599990844727
08-28-2018 17:59:52;31.2000007629395
08-28-2018 18:10:00;30.9599990844727
08-28-2018 18:15:21;30.6599998474121
08-28-2018 18:25:55;30.8999996185303
08-28-2018 18:50:56;30.6599998474121
08-28-2018 18:55:49;30.4599990844727
08-28-2018 19:19:52;30.2399997711182
08-28-2018 19:24:16;29.9400005340576
08-28-2018 21:22:50;29.7399997711182
08-28-2018 21:58:59;29.5200004577637
08-28-2018 22:18:32;29.3199996948242
08-28-2018 23:37:40;29.1000003814697
08-29-2018 00:42:44;28.8999996185303
08-29-2018 01:51:55;28.6800003051758
08-29-2018 03:17:00;28.4799995422363
08-29-2018 04:22:03;28.2600002288818
08-29-2018 05:26:17;28.0599994659424
08-29-2018 08:01:25;27.8400001525879
08-29-2018 08:45:15;27.7800006866455
08-29-2018 08:56:42;28
08-29-2018 09:04:57;28.2000007629395
08-29-2018 09:33:30;27.9599990844727
08-29-2018 09:54:43;28.2199993133545
08-29-2018 11:37:40;28.4400005340576
08-29-2018 12:59:02;28.6599998474121
08-29-2018 13:02:28;28.4599990844727
08-29-2018 13:06:03;28.6599998474121
08-29-2018 13:56:05;28.8799991607666
08-29-2018 14:03:28;28.5799999237061
08-29-2018 14:05:07;28.7800006866455
08-29-2018 14:47:20;29.0200004577637
08-29-2018 15:23:22;29.3199996948242
08-29-2018 15:25:30;29.5400009155273
08-29-2018 15:33:30;29.8400001525879
08-29-2018 15:44:47;30.1000003814697
08-29-2018 15:50:41;30.3999996185303
08-29-2018 16:17:33;30.6000003814697
08-29-2018 16:38:14;30.8400001525879
08-29-2018 18:18:15;30.6399993896484
08-29-2018 18:48:17;30.4200000762939
08-29-2018 19:47:31;30.2199993133545
08-29-2018 20:02:56;29.9599990844727
08-29-2018 20:05:32;30.1599998474121
08-29-2018 21:01:35;29.8999996185303
08-29-2018 22:02:50;29.6000003814697
08-29-2018 22:06:36;29.3999996185303
08-29-2018 22:45:48;29.1800003051758
08-30-2018 00:10:52;28.9799995422363
08-30-2018 01:15:56;28.7600002288818
08-30-2018 02:26:00;28.5599994659424
08-30-2018 04:01:05;28.3400001525879
08-30-2018 05:16:09;28.1399993896484
08-30-2018 07:45:39;28.3400001525879
08-30-2018 07:51:24;28.5400009155273
08-30-2018 07:54:46;28.3400001525879
08-30-2018 08:03:38;28.0599994659424
08-30-2018 08:16:03;28.3199996948242
08-30-2018 08:31:08;28.0400009155273
08-30-2018 08:36:00;27.8400001525879
08-30-2018 10:47:55;28.0400009155273
08-30-2018 11:13:11;28.2800006866455
08-30-2018 11:54:27;28.5400009155273
08-30-2018 12:29:29;28.7600002288818
08-30-2018 12:54:44;28.5599994659424
08-30-2018 13:18:30;28.8400001525879
08-30-2018 13:26:52;29.0400009155273
08-30-2018 14:33:38;28.8600006103516
08-30-2018 15:13:32;28.6399993896484
08-30-2018 16:51:47;28.4200000762939
08-30-2018 18:10:27;28.2000007629395
08-30-2018 19:45:32;28
08-30-2018 20:45:35;27.7600002288818
08-30-2018 21:29:41;27.5200004577637
08-30-2018 22:07:21;27.2600002288818
08-30-2018 22:14:48;27.0599994659424
08-30-2018 22:35:05;26.8400001525879
08-30-2018 22:58:16;26.6200008392334
08-30-2018 23:23:24;26.3999996185303
08-30-2018 23:50:51;26.1200008392334
08-31-2018 00:03:08;25.8999996185303
08-31-2018 00:42:12;25.6599998474121
08-31-2018 00:52:23;25.4599990844727
08-31-2018 01:20:52;25.1800003051758
08-31-2018 02:10:59;24.9200000762939
08-31-2018 02:33:41;24.6599998474121
08-31-2018 03:24:35;24.3999996185303
08-31-2018 03:43:30;24.1599998474121
08-31-2018 03:51:12;24.3600006103516
08-31-2018 04:11:15;24.1200008392334
08-31-2018 04:52:35;23.8600006103516
08-31-2018 05:12:12;23.6000003814697
08-31-2018 05:51:16;23.3999996185303
08-31-2018 06:05:29;23.6000003814697
08-31-2018 06:45:31;23.8199996948242
08-31-2018 14:27:44;24.0200004577637
08-31-2018 15:57:49;24.2399997711182
08-31-2018 18:17:56;24.4599990844727
08-31-2018 19:51:43;24.2399997711182
08-31-2018 21:41:48;24.0200004577637
08-31-2018 22:21:45;23.8199996948242
08-31-2018 22:38:56;23.5400009155273
09-01-2018 00:46:52;23.3400001525879
09-01-2018 01:06:13;23.1200008392334
09-01-2018 03:29:56;22.8400001525879
09-01-2018 07:52:29;22.6399993896484
09-01-2018 12:32:43;22.8400001525879
09-01-2018 13:30:51;23.0400009155273
09-01-2018 14:35:55;23.2600002288818
09-01-2018 22:15:32;23.0400009155273
09-01-2018 23:15:35;22.8400001525879
09-02-2018 00:40:39;22.6399993896484
09-02-2018 02:10:44;22.3999996185303
09-02-2018 04:10:50;22.1599998474121
09-02-2018 05:10:53;21.9400005340576
09-02-2018 10:46:11;22.2000007629395
09-02-2018 11:31:13;22.4400005340576
09-02-2018 11:51:14;22.6599998474121
09-02-2018 12:09:49;22.9200000762939
09-02-2018 12:32:50;23.1200008392334
09-02-2018 13:01:58;23.3400001525879
09-02-2018 13:16:23;23.5599994659424
09-02-2018 13:27:27;23.7600002288818
09-02-2018 13:41:42;24
09-02-2018 14:05:41;24.2000007629395
09-02-2018 14:18:26;24.4400005340576
09-02-2018 14:48:15;24.6599998474121
09-02-2018 15:21:59;24.8999996185303
09-02-2018 15:43:44;25.1399993896484
09-02-2018 18:47:25;24.9200000762939
09-02-2018 19:37:27;24.7199993133545
09-02-2018 21:07:32;24.4799995422363
09-02-2018 22:11:33;24.2600002288818
09-02-2018 22:34:45;24.0400009155273
09-02-2018 23:27:38;23.8199996948242
09-03-2018 00:25:00;23.6000003814697
09-03-2018 01:03:05;23.3600006103516
09-03-2018 01:45:35;23.1399993896484
09-03-2018 04:55:07;22.9200000762939
09-03-2018 06:11:39;23.1399993896484
09-03-2018 08:41:47;23.3799991607666
09-03-2018 09:13:14;23.6200008392334
09-03-2018 09:37:38;23.8600006103516
09-03-2018 09:47:48;24.1000003814697
09-03-2018 10:13:38;24.3600006103516
09-03-2018 10:30:19;24.5799999237061
09-03-2018 10:47:51;24.7999992370605
09-03-2018 10:57:20;25
09-03-2018 11:11:29;25.2000007629395
09-03-2018 11:26:42;25.4200000762939
09-03-2018 11:32:54;25.6200008392334
09-03-2018 11:47:07;25.8400001525879
09-03-2018 12:01:04;26.0400009155273
09-03-2018 12:15:12;26.2800006866455
09-03-2018 12:32:56;26.5599994659424
09-03-2018 12:35:26;26.7600002288818
09-03-2018 12:58:09;27
09-03-2018 13:16:24;27.2000007629395
09-03-2018 13:33:07;27.4200000762939
09-03-2018 14:12:21;27.7000007629395
09-03-2018 14:52:32;27.9799995422363
09-03-2018 15:33:38;28.2600002288818
09-03-2018 16:00:04;28.4799995422363
09-03-2018 17:18:14;28.6800003051758
09-03-2018 18:38:19;28.4799995422363
09-03-2018 19:28:21;28.2600002288818
09-03-2018 20:28:25;28.0599994659424
09-03-2018 21:18:28;27.8199996948242
09-03-2018 22:23:32;27.6000003814697
09-03-2018 23:03:34;27.3999996185303
09-04-2018 00:07:32;27.1800003051758
09-04-2018 00:49:26;26.9799995422363
09-04-2018 02:03:14;26.7000007629395
09-04-2018 02:55:11;26.4799995422363
09-04-2018 05:31:42;26.2600002288818
09-04-2018 08:05:52;25.9799995422363
09-04-2018 09:11:36;26.1800003051758
09-04-2018 10:31:41;26.3999996185303
09-04-2018 11:11:43;26.6200008392334
09-04-2018 11:41:38;26.8400001525879
09-04-2018 12:41:42;27.0400009155273
09-04-2018 13:06:28;27.2600002288818
09-04-2018 20:54:45;27.0599994659424
09-04-2018 22:28:39;26.8400001525879
09-04-2018 23:00:47;26.6000003814697
09-04-2018 23:49:21;26.3999996185303
09-05-2018 00:42:54;26.1599998474121
09-05-2018 01:14:56;25.9400005340576
09-05-2018 02:12:09;25.7399997711182
09-05-2018 03:07:50;25.4799995422363
09-05-2018 03:24:42;25.5400009155273
09-05-2018 04:14:40;25.3199996948242
09-05-2018 05:44:07;25.0799999237061
09-05-2018 06:28:53;24.8799991607666
09-05-2018 07:50:19;24.5799999237061
09-05-2018 09:45:17;24.8199996948242
09-05-2018 10:18:39;25.0799999237061
09-05-2018 10:29:52;25.2800006866455
09-05-2018 11:10:44;25.5200004577637
09-05-2018 11:32:03;25.7600002288818
09-05-2018 11:41:31;26.0200004577637
09-05-2018 12:02:41;26.2800006866455
09-05-2018 12:15:45;26.5200004577637
09-05-2018 12:25:46;26.7600002288818
09-05-2018 12:35:34;27
09-05-2018 13:34:15;27.2199993133545
09-05-2018 13:40:50;27.4200000762939
09-05-2018 14:03:32;27.6399993896484
09-05-2018 14:10:42;27.8400001525879
09-05-2018 14:14:32;28.0400009155273
09-05-2018 14:42:38;28.2800006866455
09-05-2018 15:01:41;28.5799999237061
09-05-2018 15:13:48;28.7800006866455
09-05-2018 16:03:41;29.0400009155273
09-05-2018 16:31:04;29.2600002288818
09-05-2018 18:06:18;29
09-05-2018 18:25:15;28.7800006866455
09-05-2018 18:31:27;28.5799999237061
09-05-2018 19:06:01;28.2999992370605
09-05-2018 19:19:08;28.0799999237061
09-05-2018 19:47:00;27.8400001525879
09-05-2018 19:53:00;27.6399993896484
09-05-2018 20:01:30;27.3400001525879
09-05-2018 20:05:03;27.5400009155273
09-05-2018 20:34:12;27.2800006866455
09-05-2018 20:41:00;27.0799999237061
09-05-2018 20:46:13;27.2800006866455
09-05-2018 20:58:55;27
09-05-2018 21:39:25;26.7399997711182
09-05-2018 22:04:31;26.5
09-05-2018 22:14:09;26.2999992370605
09-05-2018 22:39:45;26.0200004577637
09-05-2018 22:54:22;25.7800006866455
09-05-2018 23:05:25;26.0200004577637
09-05-2018 23:08:34;25.8199996948242
09-05-2018 23:24:55;25.5799999237061
09-05-2018 23:33:00;25.7800006866455
09-05-2018 23:46:47;25.5599994659424
09-05-2018 23:49:33;25.7600002288818
09-05-2018 23:57:53;25.5599994659424
09-06-2018 00:17:45;25.2800006866455
09-06-2018 01:52:54;25.0400009155273
09-06-2018 03:04:24;24.8400001525879
09-06-2018 03:42:26;24.6200008392334
09-06-2018 05:40:35;24.3799991607666
09-06-2018 08:01:21;24.5799999237061
09-06-2018 08:34:50;24.7800006866455
09-06-2018 09:04:32;25.0400009155273
09-06-2018 09:22:59;25.2800006866455
09-06-2018 09:37:38;25.5400009155273
09-06-2018 10:00:13;25.7800006866455
09-06-2018 10:12:38;26.0200004577637
09-06-2018 10:25:31;26.2600002288818
09-06-2018 10:44:32;26.4799995422363
09-06-2018 10:55:38;26.7000007629395
09-06-2018 11:07:09;26.9400005340576
09-06-2018 11:14:54;27.2399997711182
09-06-2018 11:25:06;27.4400005340576
09-06-2018 11:53:34;27.6800003051758
09-06-2018 12:04:28;27.8999996185303
09-06-2018 12:28:12;28.1200008392334
09-06-2018 12:37:38;28.4200000762939
09-06-2018 12:55:21;28.7000007629395
09-06-2018 13:18:15;28.9400005340576
09-06-2018 13:32:39;29.2000007629395
09-06-2018 13:50:14;29.4200000762939
09-06-2018 14:04:31;29.1800003051758
09-06-2018 14:22:04;29.4200000762939
09-06-2018 14:27:51;29.6200008392334
09-06-2018 14:54:40;29.8799991607666
09-06-2018 15:37:07;30.1000003814697
09-06-2018 15:46:13;30.3400001525879
09-06-2018 15:58:32;30.1000003814697
09-06-2018 16:01:00;29.8999996185303
09-06-2018 16:06:56;29.6000003814697
09-06-2018 16:12:31;29.3999996185303
09-06-2018 16:22:54;29.1000003814697
09-06-2018 16:40:59;28.8799991607666
09-06-2018 17:06:08;28.6200008392334
09-06-2018 17:46:07;28.4200000762939
09-06-2018 18:15:21;28.2000007629395
09-06-2018 18:48:47;27.9400005340576
09-06-2018 19:28:49;27.7399997711182
09-06-2018 20:03:42;27.5200004577637
09-06-2018 20:31:23;27.2399997711182
09-06-2018 21:14:04;27
09-06-2018 21:36:37;26.7999992370605
09-06-2018 22:37:10;26.5599994659424
09-06-2018 23:16:00;26.3400001525879
09-07-2018 00:12:09;26.1200008392334
09-07-2018 01:01:38;25.8799991607666
09-07-2018 01:56:08;25.6399993896484
09-07-2018 02:30:20;25.3999996185303
09-07-2018 03:01:15;25.1599998474121
09-07-2018 03:14:31;24.9799995422363
09-07-2018 04:09:28;24.7999992370605
09-07-2018 04:43:17;24.5200004577637
09-07-2018 05:19:53;24.2999992370605
09-07-2018 06:27:32;24.0599994659424
09-07-2018 07:11:56;23.8400001525879
09-07-2018 07:41:25;23.6399993896484
09-07-2018 08:56:29;23.4200000762939
09-07-2018 09:41:24;23.2000007629395
09-07-2018 11:28:41;23
09-07-2018 20:03:31;22.7999992370605
09-07-2018 22:28:39;22.5799999237061
09-08-2018 00:43:47;22.3799991607666
09-08-2018 02:18:52;22.1399993896484
09-08-2018 04:23:11;21.9200000762939
09-08-2018 08:51:22;21.7199993133545
09-08-2018 20:11:57;21.4599990844727
09-08-2018 23:37:07;21.2399997711182
09-09-2018 02:37:17;21.0200004577637
09-09-2018 04:27:22;20.8199996948242
09-09-2018 06:52:28;20.5799999237061
09-09-2018 10:12:39;20.3799991607666
09-09-2018 20:21:05;20.1599998474121
09-09-2018 23:27:22;19.9599990844727
09-10-2018 02:42:31;19.7399997711182
09-10-2018 03:01:50;19.7199993133545
09-10-2018 03:21:55;19.7000007629395
09-10-2018 03:40:11;19.7000007629395
09-10-2018 06:37:42;19.5
09-10-2018 07:36:52;19.2999992370605
09-10-2018 12:14:22;19.5
09-10-2018 14:40:48;19.7000007629395
09-10-2018 16:39:15;19.9200000762939
09-10-2018 18:19:20;20.1200008392334
09-11-2018 00:28:34;20.3999996185303
09-11-2018 10:35:09;20.6000003814697
09-11-2018 11:50:12;20.8199996948242
09-11-2018 12:45:15;21.0400009155273
09-11-2018 13:35:17;21.2800006866455
09-11-2018 14:24:29;21.5599994659424
09-11-2018 15:04:25;21.7600002288818
09-11-2018 15:27:46;22
09-11-2018 15:46:11;22.2000007629395
09-11-2018 16:05:05;22.4400005340576
09-11-2018 16:15:26;22.6800003051758
09-11-2018 18:28:47;22.4799995422363
09-12-2018 09:02:56;22.6800003051758
09-12-2018 12:03:06;22.8999996185303
09-12-2018 16:05:03;23.1000003814697
09-12-2018 18:09:37;23.3999996185303
09-12-2018 19:17:40;23.1800003051758
09-13-2018 00:07:39;22.9799995422363
09-13-2018 01:22:42;22.7600002288818
09-13-2018 08:49:05;22.5599994659424
09-13-2018 17:37:49;22.7999992370605
09-13-2018 22:53:04;22.5799999237061
09-14-2018 01:08:11;22.3600006103516
09-14-2018 04:53:22;22.1599998474121
09-14-2018 07:18:29;21.9599990844727
09-14-2018 09:48:37;22.1599998474121
09-14-2018 10:51:55;22.3999996185303
09-14-2018 11:56:57;22.6200008392334
09-14-2018 12:16:59;22.8600006103516
09-14-2018 13:47:03;23.1000003814697
09-14-2018 18:49:30;22.8999996185303
09-14-2018 19:39:32;22.6599998474121
09-14-2018 21:39:39;22.4599990844727
09-15-2018 00:44:48;22.2199993133545
09-15-2018 04:19:59;22
09-15-2018 08:55:14;22.2000007629395
09-15-2018 12:40:27;22.4200000762939
09-15-2018 14:59:56;22.6399993896484
09-15-2018 16:14:59;22.8400001525879
09-15-2018 16:55:01;23.0599994659424
09-15-2018 17:50:04;23.2800006866455
09-15-2018 23:37:08;23.0799999237061
09-16-2018 01:12:13;22.8799991607666
09-16-2018 03:02:19;22.6200008392334
09-16-2018 04:57:25;22.4200000762939
09-16-2018 08:37:36;22.6200008392334
09-16-2018 10:27:42;22.8400001525879
09-16-2018 11:32:46;23.0400009155273
09-16-2018 11:56:35;23.2600002288818
09-16-2018 12:09:18;23.4799995422363
09-16-2018 12:39:20;23.7199993133545
09-16-2018 13:06:00;23.9200000762939
09-16-2018 13:41:02;24.1200008392334
09-16-2018 14:05:47;24.3999996185303
09-16-2018 14:22:40;24.6000003814697
09-16-2018 14:46:17;24.8199996948242
09-16-2018 15:21:19;25.0200004577637
09-16-2018 16:26:24;25.2399997711182
09-16-2018 23:47:02;25
09-17-2018 00:35:56;24.7999992370605
09-17-2018 01:39:55;24.5599994659424
09-17-2018 02:39:59;24.3400001525879
09-17-2018 03:34:08;24.1399993896484
09-17-2018 04:10:52;23.8400001525879
09-17-2018 05:27:52;23.5799999237061
09-17-2018 05:58:14;23.3199996948242
09-17-2018 06:09:41;23.5599994659424
09-17-2018 07:09:44;23.7800006866455
09-17-2018 08:29:48;24
09-17-2018 10:42:32;24.2000007629395
09-17-2018 11:56:14;24.4599990844727
09-17-2018 12:33:46;24.7000007629395
09-17-2018 12:54:42;24.9400005340576
09-17-2018 13:49:44;25.1599998474121
09-17-2018 14:44:48;25.3600006103516
09-17-2018 18:10:59;25.1599998474121
09-17-2018 20:03:12;24.9599990844727
09-17-2018 22:00:14;24.7399997711182
09-17-2018 22:36:50;24.4599990844727
09-17-2018 23:31:14;24.2399997711182
09-18-2018 04:14:52;24.0200004577637
09-18-2018 05:49:57;23.7999992370605
09-18-2018 20:21:10;23.5400009155273
09-18-2018 22:01:16;23.3199996948242
09-18-2018 23:16:19;23.1000003814697
09-19-2018 00:31:23;22.8799991607666
09-19-2018 01:46:27;22.6599998474121
09-19-2018 02:46:29;22.4599990844727
09-19-2018 04:05:37;22.2199993133545
09-19-2018 04:37:51;21.9400005340576
09-19-2018 05:24:33;21.6800003051758
09-19-2018 06:03:01;21.4799995422363
09-19-2018 07:04:26;21.2600002288818
09-19-2018 10:32:54;21.0599994659424
09-19-2018 11:29:09;20.8400001525879
09-19-2018 12:37:30;21.0400009155273
09-19-2018 20:27:39;20.8400001525879
09-19-2018 22:17:44;20.6399993896484
09-20-2018 00:17:49;20.4200000762939
09-20-2018 04:08:00;20
09-20-2018 06:10:29;19.7399997711182
09-20-2018 07:17:55;20.2199993133545
09-20-2018 10:53:18;19.9400005340576
09-20-2018 11:18:20;19.7199993133545
09-20-2018 13:49:33;19.9400005340576
09-20-2018 23:18:37;19.7399997711182
09-21-2018 06:03:56;19.3199996948242
09-21-2018 07:43:46;19.5200004577637
09-21-2018 08:05:12;19.1000003814697
09-21-2018 11:17:32;19.3999996185303
09-21-2018 13:24:08;19.6000003814697
09-21-2018 15:39:16;19.8199996948242
09-22-2018 04:05:57;20.0200004577637
09-22-2018 20:38:34;19.8199996948242
09-22-2018 22:18:39;19.6000003814697
09-22-2018 23:33:42;19.3999996185303
09-23-2018 00:53:47;19.1800003051758
09-23-2018 04:59:00;18.5200004577637
09-23-2018 06:04:03;18.2999992370605
09-23-2018 07:08:50;18.9599990844727
09-23-2018 07:34:08;18.0599994659424
09-23-2018 08:38:55;18.7399997711182
09-23-2018 19:19:44;17.8400001525879
09-24-2018 00:09:58;17.6399993896484
09-24-2018 04:45:11;17.4200000762939
09-24-2018 06:48:29;17.6399993896484
09-24-2018 06:51:01;17.8400001525879
09-24-2018 06:54:33;18.0400009155273
09-24-2018 06:57:57;18.3400001525879
09-24-2018 06:59:26;18.1399993896484
09-24-2018 07:01:32;17.8400001525879
09-24-2018 07:03:58;17.6399993896484
09-24-2018 07:14:36;17.3799991607666
09-24-2018 11:52:26;16.9200000762939
09-24-2018 12:44:02;16.7199993133545
09-24-2018 12:50:44;16.9200000762939
09-24-2018 13:05:49;17.1800003051758
09-24-2018 14:09:42;17.1599998474121
09-24-2018 14:59:46;17.3999996185303
09-25-2018 01:14:21;17.1800003051758
09-25-2018 11:19:48;17.1800003051758
09-25-2018 13:09:23;17.4200000762939
09-25-2018 14:14:42;16.9799995422363
09-25-2018 15:04:28;17.6200008392334
09-25-2018 16:13:27;17.8400001525879
09-25-2018 17:53:31;18.0599994659424
09-25-2018 20:43:39;18.2600002288818
09-25-2018 21:52:41;18.5599994659424
09-25-2018 22:57:44;18.7600002288818
09-26-2018 00:02:48;18.9799995422363
09-26-2018 06:33:07;19.4200000762939
09-26-2018 07:08:10;19.6200008392334
09-26-2018 07:17:54;19.1800003051758
09-26-2018 07:43:12;19.8400001525879
09-26-2018 08:21:06;20.1200008392334
09-26-2018 08:51:08;20.3600006103516
09-26-2018 10:14:44;21.1599998474121
09-26-2018 10:49:30;21.3600006103516
09-26-2018 11:44:34;21.6000003814697
09-26-2018 12:28:16;21.8199996948242
09-26-2018 12:40:19;22.0200004577637
09-26-2018 13:13:18;22.2399997711182
09-26-2018 14:11:03;20.6000003814697
09-26-2018 14:21:56;22.4799995422363
09-26-2018 14:41:04;20.8600006103516
09-26-2018 15:06:59;22.6800003051758
09-26-2018 15:22:00;22.9799995422363
09-26-2018 15:32:52;23.2199993133545
09-26-2018 15:45:05;23.4200000762939
09-26-2018 16:27:12;23.6399993896484
09-26-2018 16:38:28;23.8999996185303
09-26-2018 18:41:50;23.6800003051758
09-26-2018 19:19:20;23.4400005340576
09-26-2018 21:05:13;23.2399997711182
09-27-2018 01:55:30;23
09-27-2018 06:50:10;22.7800006866455
09-27-2018 07:55:14;22.5799999237061
09-27-2018 15:23:39;22.1200008392334
09-27-2018 16:00:25;22.3799991607666
09-27-2018 16:03:41;22.3400001525879
09-27-2018 16:48:44;22.5400009155273
09-27-2018 17:00:42;22.1399993896484
09-27-2018 18:10:38;22.8400001525879
09-27-2018 18:11:32;23.0400009155273
09-27-2018 18:13:13;23.3400001525879
09-27-2018 18:15:19;23.5400009155273
09-27-2018 18:23:09;23.3400001525879
09-27-2018 18:27:05;23.1399993896484
09-27-2018 18:38:52;22.8999996185303
09-27-2018 19:14:11;21.9200000762939
09-27-2018 21:05:54;22.6800003051758
09-27-2018 21:45:56;22.4400005340576
09-27-2018 22:18:48;22.2399997711182
09-27-2018 23:13:51;22.0200004577637
09-28-2018 00:43:56;21.7999992370605
09-28-2018 12:34:12;21.5599994659424
09-28-2018 12:38:54;21.7600002288818
09-28-2018 23:03:41;21.5599994659424
09-29-2018 04:13:58;21.1399993896484
09-29-2018 06:34:05;20.9200000762939
09-29-2018 07:18:51;21.3400001525879
09-29-2018 10:34:14;20.7199993133545
09-29-2018 11:37:47;20.9400005340576
09-29-2018 13:22:52;21.1800003051758
09-29-2018 15:52:10;21.4200000762939
09-30-2018 05:47:55;21
09-30-2018 07:00:20;20.7999992370605
09-30-2018 08:12:47;21.2199993133545
09-30-2018 14:34:22;21
09-30-2018 16:19:28;21.2000007629395
10-01-2018 05:15:11;20.7999992370605
10-01-2018 06:09:58;21
10-01-2018 12:48:24;21.0799999237061
10-01-2018 14:17:48;20.5799999237061
10-01-2018 14:51:16;20.7800006866455
10-16-2018 19:03:08;18.6000003814697
10-16-2018 19:11:02;18.8999996185303
10-16-2018 22:51:19;18.8799991607666
10-17-2018 00:49:58;18.6800003051758
10-17-2018 04:00:07;18.4799995422363
10-17-2018 07:05:15;18.2399997711182
10-17-2018 07:19:37;17.9599990844727
10-17-2018 10:39:45;18.1599998474121
10-17-2018 11:13:14;18.3799991607666
10-17-2018 13:20:12;18.5799999237061
10-17-2018 15:32:10;18.7800006866455
10-17-2018 16:25:34;18.5799999237061
10-17-2018 16:28:57;18.7800006866455
10-17-2018 17:21:28;19.0599994659424
10-17-2018 21:09:56;18.8400001525879
10-18-2018 00:57:11;18.6200008392334
10-18-2018 03:52:21;18.4200000762939
10-18-2018 06:27:29;18.2199993133545
10-18-2018 11:21:44;18.2199993133545
10-18-2018 14:32:39;17.9799995422363
10-22-2018 14:18:25;17.0599994659424
10-22-2018 17:12:39;17.2999992370605
10-22-2018 17:18:38;17.5
10-22-2018 18:58:42;17.7000007629395
10-22-2018 21:18:14;17.9799995422363
10-22-2018 21:50:46;18.2000007629395
10-22-2018 23:05:50;18.4200000762939
10-23-2018 00:15:53;18.6200008392334
10-23-2018 01:45:57;18.8400001525879
10-23-2018 03:11:01;19.0400009155273
10-23-2018 05:02:42;19.2600002288818
10-23-2018 07:47:49;19.4799995422363
10-23-2018 12:02:30;19.7000007629395
10-23-2018 12:59:46;19.9599990844727
10-23-2018 13:03:04;20.1599998474121
10-23-2018 13:04:02;20.3600006103516
10-23-2018 13:10:29;20.1599998474121
10-23-2018 14:02:20;19.9400005340576
10-23-2018 15:40:02;20.1800003051758
10-23-2018 15:55:22;20.4799995422363
10-23-2018 17:04:29;20.2600002288818
10-23-2018 18:29:33;20.4799995422363
10-23-2018 22:46:15;20.6800003051758
10-24-2018 07:59:25;20.4799995422363
10-24-2018 08:50:08;20.7399997711182
10-24-2018 12:05:37;20.9599990844727
10-24-2018 18:17:42;21.2399997711182
10-24-2018 19:20:13;21.4400005340576
10-24-2018 20:44:08;21.6599998474121
10-24-2018 22:44:14;21.8600006103516
10-25-2018 08:45:11;21.6399993896484
10-25-2018 08:55:17;21.3799991607666
10-25-2018 09:34:34;21.5799999237061
10-25-2018 09:52:40;21.7800006866455
10-25-2018 13:32:01;22.0200004577637
10-25-2018 14:53:40;22.2800006866455
10-25-2018 15:49:16;22.5
10-25-2018 21:53:28;22.2600002288818
10-26-2018 06:45:35;22.0599994659424
10-26-2018 11:19:08;22.1000003814697
10-26-2018 13:40:15;21.8999996185303
10-26-2018 14:36:53;22.1000003814697
10-26-2018 15:42:26;21.8600006103516
10-26-2018 16:14:35;22.3799991607666
10-26-2018 17:02:41;22.1599998474121
10-26-2018 17:20:25;22.3600006103516
10-26-2018 19:02:37;22.0799999237061
10-26-2018 19:06:53;22.2800006866455
10-27-2018 01:32:11;22.0799999237061
10-27-2018 12:56:37;21.8799991607666
10-27-2018 13:22:30;21.6000003814697
10-27-2018 16:13:33;21.8400001525879
10-27-2018 16:19:33;21.6399993896484
10-27-2018 18:03:19;21.4200000762939
10-27-2018 18:07:29;21.6399993896484
10-27-2018 21:35:39;21.9200000762939
10-27-2018 21:38:28;21.7199993133545
10-27-2018 21:48:59;21.9200000762939
10-27-2018 22:44:03;21.7199993133545
10-27-2018 23:41:22;21.9200000762939
10-28-2018 07:42:19;21.7000007629395
10-28-2018 22:36:14;21.5
10-29-2018 07:09:12;21.2800006866455
10-29-2018 07:11:36;21.0799999237061
10-29-2018 09:30:43;21.3400001525879
10-29-2018 09:36:21;21.1399993896484
10-29-2018 09:52:47;21.3999996185303
10-29-2018 13:13:28;21.8999996185303
10-29-2018 14:03:19;21.6200008392334
10-29-2018 14:09:49;21.9200000762939
10-29-2018 15:25:25;21.6599998474121
10-29-2018 15:29:57;21.8600006103516
10-29-2018 15:33:22;21.6800003051758
10-30-2018 06:59:24;21.6599998474121
10-30-2018 07:10:28;21.3799991607666
10-30-2018 07:19:09;21.1599998474121
10-30-2018 09:49:22;21.3600006103516
10-30-2018 12:06:38;21.6399993896484
10-30-2018 15:08:28;21.3999996185303
10-30-2018 15:11:08;21.6200008392334
10-30-2018 21:44:42;21.3600006103516
10-31-2018 01:37:41;21.1599998474121
10-31-2018 03:57:47;20.9599990844727
10-31-2018 07:29:14;20.7399997711182
10-31-2018 09:03:37;20.9400005340576
10-31-2018 10:06:47;21.1800003051758
10-31-2018 14:48:03;21.4599990844727
10-31-2018 15:23:04;21.6800003051758
10-31-2018 17:31:30;21.4799995422363
10-31-2018 23:41:40;21.2600002288818
11-01-2018 03:23:26;21.0400009155273
11-01-2018 07:15:46;20.8400001525879
11-01-2018 08:45:02;20.6399993896484
11-01-2018 09:17:55;20.8799991607666
11-01-2018 11:23:53;21.0799999237061
11-01-2018 12:40:50;20.8400001525879
11-01-2018 12:53:32;21.1000003814697
11-01-2018 16:03:33;20.8600006103516
11-01-2018 16:56:28;21.1000003814697
11-01-2018 19:14:56;21.3199996948242
11-02-2018 00:24:33;21.5200004577637
11-02-2018 05:49:49;21.7399997711182
11-02-2018 07:15:56;21.4599990844727
11-02-2018 11:40:12;21.7199993133545
11-02-2018 14:35:43;21.9200000762939
11-02-2018 17:27:08;22.1399993896484
11-02-2018 22:55:10;21.9200000762939
11-03-2018 07:01:39;22.1599998474121
11-03-2018 07:06:55;22.3600006103516
11-03-2018 09:00:05;22.1399993896484
11-03-2018 20:33:50;21.8999996185303
11-03-2018 23:41:03;21.6800003051758
11-04-2018 01:42:28;21.4799995422363
11-04-2018 02:46:30;21.2600002288818
11-04-2018 04:21:34;21.0599994659424
11-04-2018 06:16:39;20.8199996948242
11-04-2018 08:41:46;20.6000003814697
11-04-2018 15:40:18;20.8199996948242
11-04-2018 18:55:28;20.6000003814697
11-04-2018 22:05:37;20.3799991607666
11-05-2018 00:45:44;20.1599998474121
11-05-2018 05:20:57;19.7399997711182
11-05-2018 07:43:36;19.5200004577637
11-05-2018 07:50:50;19.9599990844727
11-05-2018 09:22:54;19.2999992370605
11-05-2018 16:02:51;19.0599994659424
11-05-2018 16:07:35;19.2600002288818
11-05-2018 17:02:54;19.0400009155273
11-05-2018 17:18:48;19.2600002288818
11-05-2018 20:43:58;19.0599994659424
11-06-2018 06:27:10;18.6399993896484
11-06-2018 07:21:58;18.8400001525879
11-07-2018 04:39:06;18.4200000762939
11-07-2018 07:09:01;18.2199993133545
11-07-2018 08:11:10;18
11-07-2018 11:04:35;18.4599990844727
11-07-2018 12:33:04;18.6599998474121
11-07-2018 14:06:26;18.8799991607666
11-07-2018 14:40:37;18.2199993133545
11-07-2018 15:14:11;19.1000003814697
11-07-2018 16:55:44;19.3799991607666
11-07-2018 20:30:02;19.1599998474121
11-08-2018 00:55:13;18.9599990844727
11-08-2018 04:20:21;18.7399997711182
11-08-2018 06:40:22;18.5
11-08-2018 07:05:39;18.2800006866455
11-08-2018 11:50:34;18.5200004577637
11-08-2018 13:10:19;18.7800006866455
11-08-2018 14:37:18;19
11-08-2018 15:30:07;19.2600002288818
11-08-2018 17:42:21;19.4799995422363
11-08-2018 19:21:54;19.6800003051758
11-08-2018 21:16:21;19.8999996185303
11-09-2018 06:37:48;19.6599998474121
11-09-2018 07:31:24;19.4200000762939
11-09-2018 07:33:10;19.2199993133545
11-09-2018 07:41:27;18.9599990844727
11-09-2018 08:14:58;19.1599998474121
11-09-2018 11:37:53;19.6599998474121
11-09-2018 12:02:04;19.8999996185303
11-09-2018 13:47:09;20.1000003814697
11-09-2018 14:46:44;19.3600006103516
11-09-2018 15:03:24;19.8600006103516
11-09-2018 15:12:24;20.1200008392334
11-09-2018 17:22:28;20.3400001525879
11-09-2018 22:51:16;20.5400009155273
11-10-2018 05:06:49;20.7600002288818
11-10-2018 11:02:03;20.9799995422363
11-10-2018 14:40:19;21.1800003051758
11-10-2018 15:19:53;20.9799995422363
11-10-2018 15:53:48;21.2000007629395
11-10-2018 22:59:44;21.4400005340576
11-11-2018 12:03:51;21.8600006103516
11-11-2018 14:36:33;21.6599998474121
11-11-2018 14:57:54;22.0799999237061
11-11-2018 19:28:05;21.8799991607666
11-12-2018 07:46:57;21.6599998474121
11-12-2018 10:41:22;22.1000003814697
11-12-2018 10:50:18;21.8799991607666
11-12-2018 11:11:10;21.6599998474121
11-12-2018 12:11:12;21.8799991607666
11-12-2018 13:24:08;22.1000003814697
11-12-2018 14:43:55;22.3999996185303
11-12-2018 14:50:45;22.6000003814697
11-12-2018 15:15:49;21.8600006103516
11-12-2018 15:43:43;22.3999996185303
11-12-2018 18:07:18;22.1800003051758
11-12-2018 20:21:05;21.9799995422363
11-12-2018 22:58:28;21.7000007629395
11-13-2018 05:31:24;21.2999992370605
11-13-2018 07:25:33;21
11-13-2018 07:29:29;20.7999992370605
11-13-2018 08:26:19;21.5
11-13-2018 10:54:37;20.5799999237061
11-13-2018 12:19:41;20.7800006866455
11-13-2018 12:56:50;20.5799999237061
11-13-2018 13:39:44;20.8400001525879
11-13-2018 13:42:28;21.0400009155273
11-13-2018 13:58:59;20.7999992370605
11-13-2018 15:48:59;21.0400009155273
11-13-2018 16:02:19;20.7800006866455
11-13-2018 19:39:36;21.0400009155273
11-14-2018 04:08:43;20.5799999237061
11-14-2018 07:21:33;20.7999992370605
11-14-2018 09:19:59;20.3799991607666
11-14-2018 11:38:11;20.8600006103516
11-14-2018 11:59:23;20.6399993896484
11-14-2018 12:07:50;20.8400001525879
11-14-2018 12:28:57;21.0799999237061
11-14-2018 13:42:11;21.3400001525879
11-14-2018 14:59:38;21.6000003814697
11-14-2018 15:01:37;20.6399993896484
11-14-2018 15:01:46;21.3799991607666
11-14-2018 15:08:41;21.0799999237061
11-14-2018 15:27:53;21.2800006866455
11-14-2018 15:44:04;21.5799999237061
11-14-2018 16:02:27;21.8199996948242
11-14-2018 17:00:45;21.6000003814697
11-14-2018 17:03:07;21.3999996185303
11-14-2018 17:06:43;21.6000003814697
11-14-2018 18:02:21;21.3799991607666
11-14-2018 18:07:26;21.5799999237061
11-14-2018 21:32:14;21.7999992370605
11-15-2018 04:55:18;22
11-15-2018 09:10:09;21.7199993133545
11-15-2018 09:15:30;21.9200000762939
11-15-2018 10:56:21;21.6399993896484
11-15-2018 11:00:06;21.8400001525879
11-15-2018 11:17:05;22.1000003814697
11-15-2018 11:35:41;21.8999996185303
11-15-2018 12:01:50;21.6800003051758
11-15-2018 12:29:39;21.9599990844727
11-15-2018 12:59:52;21.7199993133545
11-15-2018 13:11:59;21.5
11-15-2018 13:33:32;21.7000007629395
11-15-2018 13:44:20;21.9799995422363
11-15-2018 14:01:51;21.7600002288818
11-15-2018 14:18:53;21.9799995422363
11-15-2018 14:32:38;21.7000007629395
11-15-2018 14:41:29;21.9200000762939
11-15-2018 14:50:13;21.6599998474121
11-15-2018 14:59:55;21.6599998474121
11-15-2018 15:08:54;21.4400005340576
11-15-2018 15:10:30;21.9200000762939
11-15-2018 15:15:44;21.6599998474121
11-15-2018 15:18:48;21.8600006103516
11-15-2018 15:57:52;21.7000007629395
11-15-2018 16:08:12;21.5
11-15-2018 16:22:29;21.7000007629395
11-15-2018 17:00:38;21.4200000762939
11-15-2018 17:01:50;21.2199993133545
11-15-2018 17:13:24;21.5
11-15-2018 18:02:18;21.2999992370605
11-15-2018 18:08:48;21.5
11-15-2018 19:01:43;21.2399997711182
11-15-2018 22:52:33;21.0200004577637
11-16-2018 00:32:37;20.8199996948242
11-16-2018 04:32:46;20.3799991607666
11-16-2018 06:42:51;20.1599998474121
11-16-2018 07:32:42;20.5799999237061
11-16-2018 07:34:12;19.9599990844727
11-16-2018 07:39:02;19.6599998474121
11-16-2018 07:43:03;19.4599990844727
11-16-2018 08:43:17;19.7399997711182
11-16-2018 12:02:42;19.5
11-16-2018 14:03:29;19.2199993133545
11-16-2018 14:38:02;19.4799995422363
11-16-2018 15:32:15;19.2399997711182
11-16-2018 16:02:15;18.9599990844727
11-16-2018 16:15:11;19.2199993133545
11-16-2018 17:12:35;19.4799995422363
11-16-2018 19:42:50;19.6800003051758
11-16-2018 21:55:34;19.8999996185303
11-17-2018 05:20:50;19.6800003051758
11-17-2018 06:55:54;19.4599990844727
11-17-2018 08:40:58;19.2399997711182
11-17-2018 13:09:21;18.6800003051758
11-17-2018 14:24:10;18.9200000762939
11-17-2018 15:05:25;18.9599990844727
11-17-2018 17:22:20;18.7199993133545
11-17-2018 19:17:24;18.5
11-17-2018 21:17:29;18.2999992370605
11-17-2018 23:17:34;18.0799999237061
11-18-2018 01:02:39;17.8799991607666
11-18-2018 04:43:44;17.4599990844727
11-18-2018 06:43:49;17.2399997711182
11-18-2018 07:52:43;17.6599998474121
11-18-2018 09:18:55;17.0200004577637
11-18-2018 13:10:00;16.8199996948242
11-18-2018 16:49:06;16.6000003814697
11-18-2018 20:23:43;16.3999996185303
11-19-2018 00:05:42;16.1200008392334
11-19-2018 06:32:47;15.6999998092651
11-19-2018 08:20:01;15.9200000762939
11-19-2018 14:21:18;15.9200000762939
11-19-2018 16:13:03;16.1200008392334
11-19-2018 16:51:13;16.3400001525879
11-19-2018 18:54:28;16.5400009155273
11-19-2018 19:14:33;16.7999992370605
11-19-2018 19:59:35;17.0200004577637
11-19-2018 20:59:37;17.2399997711182
11-19-2018 21:59:39;17.4400005340576
11-19-2018 23:09:42;17.6800003051758
11-20-2018 00:39:45;17.8999996185303
11-20-2018 01:54:48;18.1000003814697
11-20-2018 04:49:55;18.5200004577637
11-20-2018 06:39:59;18.7399997711182
11-20-2018 08:24:51;18.3199996948242
11-20-2018 08:30:03;18.9400005340576
11-20-2018 10:20:27;19.2000007629395
11-20-2018 13:09:36;19.4200000762939
11-20-2018 13:56:46;19.6200008392334
11-20-2018 15:14:50;19.4200000762939
11-20-2018 15:22:23;19.6200008392334
11-20-2018 15:36:57;19.8400001525879
11-20-2018 17:19:17;20.0400009155273
11-20-2018 20:24:15;20.2800006866455
11-21-2018 06:51:33;20.2600002288818
11-21-2018 06:55:35;20.0599994659424
11-21-2018 08:09:31;20.5
11-21-2018 09:05:40;20.2600002288818
11-21-2018 11:40:14;20.5599994659424
11-21-2018 12:02:15;20.7800006866455
11-21-2018 12:24:38;21.0200004577637
11-21-2018 13:02:26;20.7999992370605
11-21-2018 13:09:02;21
11-21-2018 14:37:10;20.5200004577637
11-21-2018 14:42:24;20.8199996948242
11-21-2018 17:06:45;20.7999992370605
11-21-2018 20:00:58;20.5599994659424
11-22-2018 07:28:15;20.3400001525879
11-22-2018 13:13:14;20.7600002288818
11-22-2018 15:22:13;20.5400009155273
11-23-2018 01:03:38;20.5599994659424
11-23-2018 11:52:23;20.7600002288818
11-23-2018 13:38:15;20.9799995422363
11-23-2018 18:41:00;20.7600002288818
11-23-2018 23:43:42;20.5599994659424
11-24-2018 14:21:21;20.8199996948242
11-24-2018 20:28:26;20.6000003814697
11-24-2018 21:12:15;20.8199996948242
11-25-2018 11:48:57;21.0400009155273
11-26-2018 08:02:19;20.8400001525879
11-26-2018 08:07:43;21.0400009155273
11-26-2018 15:47:06;21.2600002288818
11-26-2018 16:02:04;21
11-26-2018 16:07:07;21.2000007629395
11-26-2018 23:35:15;21.4200000762939
11-27-2018 07:38:06;21.1800003051758
11-27-2018 07:42:42;20.9799995422363
11-27-2018 11:28:00;21.1800003051758
11-27-2018 12:17:02;21.4599990844727
11-27-2018 12:30:14;21.6599998474121
11-27-2018 12:42:31;21.3999996185303
11-27-2018 13:52:26;21.6800003051758
11-27-2018 15:09:43;21.8999996185303
11-28-2018 06:47:04;21.6800003051758
11-28-2018 07:05:37;21.3999996185303
11-28-2018 07:13:21;21.1399993896484
11-28-2018 08:20:05;21.3999996185303
11-28-2018 08:23:51;21.6000003814697
11-28-2018 08:49:32;21.3400001525879
11-28-2018 11:36:04;21.6000003814697
11-28-2018 13:06:22;21.8999996185303
11-28-2018 13:47:13;22.1200008392334
11-28-2018 14:01:50;21.8799991607666
11-28-2018 14:16:45;22.0799999237061
11-28-2018 23:01:33;21.8799991607666
11-29-2018 06:36:53;21.6599998474121
11-29-2018 07:31:32;21.4200000762939
11-29-2018 08:40:53;21.6200008392334
11-29-2018 10:32:56;21.3799991607666
11-29-2018 12:49:56;21.6399993896484
11-29-2018 12:54:04;21.8400001525879
11-29-2018 15:23:16;22.0599994659424
11-29-2018 17:02:50;21.7600002288818
11-29-2018 22:33:44;21.5599994659424
11-30-2018 01:23:52;21.3400001525879
11-30-2018 04:54:01;20.9200000762939
11-30-2018 06:29:05;20.7199993133545
11-30-2018 08:03:56;21.1399993896484
11-30-2018 09:19:57;20.4200000762939
11-30-2018 12:04:33;20.6000003814697
11-30-2018 12:25:54;20.8600006103516
11-30-2018 14:25:37;20.8600006103516
11-30-2018 15:02:12;20.6599998474121
11-30-2018 15:16:45;20.6399993896484
11-30-2018 15:44:12;20.8400001525879
11-30-2018 16:03:07;20.3799991607666
11-30-2018 16:42:06;20.6599998474121
11-30-2018 17:35:24;20.4599990844727
11-30-2018 17:42:26;21.1000003814697
11-30-2018 19:02:24;20.2399997711182
11-30-2018 19:10:06;20.4400005340576
12-01-2018 04:22:45;20.0200004577637
12-01-2018 06:07:50;19.8199996948242
12-01-2018 06:12:37;20.2399997711182
12-01-2018 07:52:54;19.6000003814697
12-01-2018 08:46:54;19.3199996948242
12-01-2018 09:08:19;19.0799999237061
12-01-2018 09:12:49;19.2800006866455
12-01-2018 10:39:04;19.0200004577637
12-01-2018 10:43:47;19.3199996948242
12-01-2018 10:49:57;19.0200004577637
12-01-2018 10:54:19;18.8199996948242
12-01-2018 11:05:38;19.0799999237061
12-01-2018 11:08:40;19.2800006866455
12-01-2018 12:12:56;19
12-01-2018 12:22:14;19.2800006866455
12-01-2018 12:36:59;19.0799999237061
12-01-2018 12:40:19;18.8799991607666
12-01-2018 12:44:48;19.0799999237061
12-01-2018 12:47:42;19.2800006866455
12-01-2018 17:10:50;19.0799999237061
12-01-2018 19:20:55;18.8799991607666
12-01-2018 21:21:00;18.6599998474121
12-01-2018 23:21:04;18.4599990844727
12-02-2018 01:46:09;18.2399997711182
12-02-2018 04:11:14;18.0200004577637
12-02-2018 06:21:18;17.8199996948242
12-02-2018 08:56:24;17.6000003814697
12-02-2018 13:01:33;17.3999996185303
12-02-2018 19:26:47;17.1800003051758
12-03-2018 00:21:57;16.9799995422363
12-03-2018 06:17:09;16.7600002288818
12-03-2018 07:48:47;16.5599994659424
12-03-2018 07:53:00;16.3400001525879
12-03-2018 11:47:48;16.7800006866455
12-03-2018 13:30:33;17.0200004577637
12-03-2018 14:20:35;17.2399997711182
12-03-2018 14:34:53;17.4799995422363
12-03-2018 14:53:47;17.6800003051758
12-03-2018 15:03:10;16.5400009155273
12-03-2018 15:20:31;17.9400005340576
12-03-2018 17:20:29;18.1599998474121
12-03-2018 18:35:31;18.3600006103516
12-03-2018 20:35:04;17.9599990844727
12-03-2018 20:46:42;18.5799999237061
12-03-2018 22:55:16;18.7800006866455
12-04-2018 06:59:43;18.5799999237061
12-04-2018 07:22:20;18.2999992370605
12-04-2018 07:26:48;18.0799999237061
12-04-2018 07:40:40;18.3199996948242
12-04-2018 07:46:26;18.5200004577637
12-04-2018 08:43:07;18.2999992370605
12-04-2018 09:27:23;18.5
12-04-2018 11:11:31;18.7000007629395
12-04-2018 12:31:34;18.9200000762939
12-04-2018 14:12:21;19.1200008392334
12-04-2018 20:36:08;18.9200000762939
12-05-2018 00:46:18;18.7199993133545
12-05-2018 05:46:29;18.2999992370605
12-05-2018 07:25:31;18.0400009155273
12-05-2018 07:27:35;17.8400001525879
12-05-2018 07:33:16;17.6399993896484
12-05-2018 07:36:54;17.8400001525879
12-05-2018 07:58:50;17.6200008392334
12-05-2018 08:23:59;17.8400001525879
12-05-2018 08:46:25;18.5
12-05-2018 11:19:36;17.7999992370605
12-05-2018 12:38:53;18.0599994659424
12-05-2018 13:17:24;18.3199996948242
12-05-2018 14:00:18;18.5200004577637
12-05-2018 14:05:06;18.3199996948242
12-05-2018 14:11:10;18.5200004577637
12-05-2018 14:45:35;18.7399997711182
12-05-2018 14:59:33;17.5799999237061
12-05-2018 15:04:52;18.4799995422363
12-05-2018 15:08:22;18.6800003051758
12-05-2018 15:57:22;18.8999996185303
12-05-2018 16:05:32;18.6000003814697
12-05-2018 16:14:44;18.8199996948242
12-05-2018 16:37:43;19.0200004577637
12-05-2018 18:26:19;19.2600002288818
12-05-2018 20:02:34;19.4799995422363
12-05-2018 22:42:40;19.7000007629395
12-06-2018 07:22:00;19.7199993133545
12-06-2018 08:47:50;19.9200000762939
12-06-2018 08:54:45;19.9200000762939
12-06-2018 09:14:50;20.1200008392334
12-06-2018 10:44:31;20.3999996185303
12-06-2018 11:22:52;20.6200008392334
12-06-2018 11:50:37;20.9200000762939
12-06-2018 12:00:48;20.6800003051758
12-06-2018 13:05:06;20.4799995422363
12-06-2018 13:24:15;20.6800003051758
12-06-2018 14:27:31;20.8999996185303
12-06-2018 15:02:34;20.6200008392334
12-06-2018 19:01:26;20.4200000762939
12-06-2018 20:56:29;20.2199993133545
12-06-2018 22:46:33;20
12-07-2018 00:11:36;19.7999992370605
12-07-2018 01:46:40;19.5799999237061
12-07-2018 05:59:02;19.1399993896484
12-07-2018 08:32:59;19.3799991607666
12-07-2018 11:01:50;18.8600006103516
12-07-2018 11:05:04;18.6599998474121
12-07-2018 11:09:06;18.8600006103516
12-07-2018 11:26:05;19.1200008392334
12-07-2018 12:02:46;18.9200000762939
12-07-2018 12:46:48;19.1800003051758
12-07-2018 14:04:41;18.9599990844727
12-07-2018 14:21:44;19.2199993133545
12-07-2018 14:36:55;19.4799995422363
12-07-2018 15:01:42;19.2199993133545
12-07-2018 15:19:42;19.4200000762939
12-07-2018 17:19:59;19.6200008392334
12-07-2018 18:01:02;19.3600006103516
12-07-2018 22:35:48;19.1599998474121
12-08-2018 01:05:54;18.9599990844727
12-08-2018 03:51:02;18.7199993133545
12-08-2018 06:19:00;18.5
12-08-2018 18:48:02;18.2800006866455
12-08-2018 22:03:09;18.0799999237061
12-09-2018 00:52:28;17.8799991607666
12-09-2018 09:37:37;17.6599998474121
12-10-2018 01:24:45;17.4599990844727
12-10-2018 12:20:45;17.6599998474121
12-10-2018 14:22:30;17.8600006103516
12-10-2018 15:01:12;17.2199993133545
12-10-2018 15:25:23;17.4200000762939
12-10-2018 16:23:06;18.0799999237061
12-10-2018 21:13:16;17.8799991607666
12-11-2018 08:38:30;17.6599998474121
12-11-2018 11:58:49;17.8600006103516
12-11-2018 13:15:50;18.0799999237061
12-11-2018 14:00:52;18.2800006866455
12-11-2018 15:05:54;18.5200004577637
12-11-2018 15:55:56;18.7600002288818
12-11-2018 17:29:02;18.9799995422363
12-11-2018 18:59:17;19.1800003051758
12-11-2018 19:04:35;18.9799995422363
12-11-2018 19:09:11;19.1800003051758
12-11-2018 21:09:15;19.3999996185303
12-11-2018 23:29:20;19.6000003814697
12-12-2018 04:39:31;19.8199996948242
12-12-2018 08:35:21;20.0200004577637
12-12-2018 11:10:27;20.2399997711182
12-12-2018 13:36:27;20.4599990844727
12-12-2018 15:52:39;20.6599998474121
12-12-2018 20:21:56;20.8600006103516
12-13-2018 04:17:12;21.1000003814697
12-13-2018 18:21:01;21.1200008392334
12-13-2018 23:06:24;21.3600006103516
12-13-2018 23:12:38;20.9200000762939
12-14-2018 00:47:41;20.7000007629395
12-14-2018 03:52:48;20.2999992370605
12-14-2018 05:32:51;20.0599994659424
12-14-2018 06:21:39;19.8199996948242
12-14-2018 06:46:40;19.6000003814697
12-14-2018 07:16:41;19.3799991607666
12-14-2018 07:32:45;20.5
12-14-2018 07:51:43;19.1599998474121
12-14-2018 11:02:54;19.5799999237061
12-14-2018 12:13:18;19.7800006866455
12-14-2018 13:48:22;20
12-14-2018 15:00:08;19.3600006103516
12-14-2018 15:36:54;20.2000007629395
12-14-2018 17:06:22;19.9799995422363
12-14-2018 17:09:20;20.1800003051758
12-15-2018 00:52:45;20.3999996185303
12-15-2018 03:58:02;20.1800003051758
12-15-2018 07:33:10;19.9799995422363
12-15-2018 18:26:08;19.7600002288818
12-15-2018 23:02:40;19.5599994659424
12-16-2018 05:27:53;19.1399993896484
12-16-2018 07:27:47;19.3400001525879
12-16-2018 09:33:02;18.9200000762939
12-16-2018 17:38:11;18.7199993133545
12-17-2018 01:03:28;18.4799995422363
12-17-2018 07:37:31;18.2600002288818
12-17-2018 09:03:20;18
12-17-2018 09:08:28;18.2000007629395
12-17-2018 12:27:10;17.9799995422363
12-17-2018 12:29:14;18.1800003051758
12-17-2018 14:59:52;18.3999996185303
12-17-2018 16:00:40;17.9400005340576
12-17-2018 16:06:26;17.7399997711182
12-17-2018 17:48:04;18.6200008392334
12-18-2018 12:09:36;18.8400001525879
12-18-2018 14:16:58;19.0400009155273
12-19-2018 00:57:18;18.8400001525879
12-19-2018 05:37:27;18.6399993896484
12-19-2018 15:28:39;18.8600006103516
12-20-2018 01:29:27;18.6599998474121
12-20-2018 07:07:54;18.4599990844727
12-20-2018 11:24:43;18.6599998474121
12-20-2018 13:23:14;18.8600006103516
12-21-2018 11:09:06;19.0799999237061
12-21-2018 12:44:09;19.2800006866455
12-21-2018 14:19:12;19.5200004577637
12-21-2018 15:52:41;19.7399997711182
12-21-2018 16:26:46;19.9400005340576
12-21-2018 17:04:37;19.7000007629395
12-21-2018 17:19:36;19.9200000762939
12-21-2018 19:10:56;20.1200008392334
12-22-2018 11:46:30;20.3799991607666
12-22-2018 23:15:49;20.1599998474121
12-23-2018 01:55:54;19.9599990844727
12-23-2018 05:09:13;19.7399997711182
12-23-2018 08:54:21;19.5200004577637
12-23-2018 12:19:28;19.7399997711182
12-23-2018 21:06:26;19.5200004577637
12-24-2018 00:16:31;19.3199996948242
12-24-2018 07:01:44;18.8999996185303
12-24-2018 08:51:37;19.1000003814697
12-24-2018 19:07:04;18.6800003051758
12-24-2018 23:53:13;18.4799995422363
12-25-2018 04:18:21;18.2600002288818
12-25-2018 12:28:35;18.4799995422363
12-25-2018 14:52:44;18.7199993133545
12-25-2018 18:18:00;18.5
12-25-2018 20:49:57;18.2999992370605
12-26-2018 07:29:15;17.8799991607666
12-26-2018 07:49:06;18.0799999237061
12-26-2018 11:39:08;18.0799999237061
12-26-2018 15:09:15;18.2800006866455
12-26-2018 19:44:24;18.0799999237061
12-27-2018 07:30:12;17.8799991607666
12-27-2018 11:55:35;18.0799999237061
12-27-2018 14:55:42;18.2800006866455
12-27-2018 19:45:54;18.0799999237061
12-28-2018 07:26:10;17.8799991607666
12-28-2018 19:52:50;18.0799999237061
12-29-2018 08:18:07;18.2800006866455
12-29-2018 09:18:21;18.5
12-29-2018 12:00:33;18.9200000762939
12-29-2018 13:43:37;19.2000007629395
12-29-2018 15:48:24;18.7000007629395
12-30-2018 03:26:59;19
12-30-2018 08:57:12;18.7999992370605
12-30-2018 12:37:20;19
12-30-2018 22:27:43;18.7999992370605
12-31-2018 07:11:22;18.3799991607666
12-31-2018 07:47:54;18.5799999237061
12-31-2018 14:11:40;18.5799999237061
01-01-2019 06:52:10;18.3799991607666
01-01-2019 10:52:30;18.5799999237061
01-01-2019 12:07:33;18.7999992370605
01-01-2019 13:42:37;19
01-01-2019 15:22:42;19.2199993133545
01-02-2019 07:03:08;19
01-02-2019 07:33:22;18.7999992370605
01-02-2019 11:30:29;19.0200004577637
01-02-2019 15:42:35;19.2399997711182
01-02-2019 17:04:14;19.0200004577637
01-02-2019 17:12:21;19.3199996948242
01-02-2019 20:04:12;19.0799999237061
01-02-2019 23:17:42;18.8799991607666
01-03-2019 04:02:55;18.6599998474121
01-03-2019 08:19:29;18.4400005340576
01-03-2019 12:30:57;18.8600006103516
01-03-2019 14:30:23;19.1599998474121
01-03-2019 15:02:46;18.9599990844727
01-03-2019 15:38:21;19.2399997711182
01-03-2019 15:58:16;18.6599998474121
01-03-2019 17:04:17;18.9400005340576
01-03-2019 17:11:37;19.1800003051758
01-03-2019 17:20:52;19.3999996185303
01-03-2019 18:39:08;19.1399993896484
01-03-2019 22:55:35;18.9200000762939
01-04-2019 01:48:41;18.7199993133545
01-04-2019 07:23:56;18.5
01-04-2019 10:49:39;18.7000007629395
01-04-2019 12:59:38;18.9200000762939
01-04-2019 15:30:14;19.1800003051758
01-04-2019 16:02:34;18.9599990844727
01-04-2019 16:20:59;19.1800003051758
01-05-2019 00:03:40;18.9799995422363
01-05-2019 07:13:58;18.7600002288818
01-06-2019 05:17:38;18.5599994659424
01-06-2019 12:33:52;18.7600002288818
01-06-2019 14:58:58;18.9799995422363
01-06-2019 18:27:02;18.7000007629395
01-06-2019 19:48:05;18.5
01-06-2019 20:11:02;18.7000007629395
01-06-2019 20:27:13;18.5
01-06-2019 21:23:51;18.2999992370605
01-06-2019 22:57:16;18.0599994659424
01-07-2019 00:48:48;17.8400001525879
01-07-2019 06:11:53;17.4200000762939
01-07-2019 08:28:55;17.6200008392334
01-07-2019 08:51:54;17.2199993133545
01-07-2019 11:33:11;17.6800003051758
01-07-2019 13:12:38;17.9200000762939
01-07-2019 13:37:59;17.7000007629395
01-07-2019 13:53:18;17.9599990844727
01-07-2019 15:03:43;18.1800003051758
01-07-2019 15:24:36;17.4799995422363
01-07-2019 16:01:57;17.9599990844727
01-07-2019 16:05:33;18.1599998474121
01-07-2019 20:47:03;17.9599990844727
01-07-2019 22:39:51;18.1599998474121
01-08-2019 03:37:10;17.7399997711182
01-08-2019 07:27:19;17.5200004577637
01-08-2019 12:45:01;17.4799995422363
01-08-2019 14:54:02;17.2600002288818
01-08-2019 15:01:34;17.7600002288818
01-08-2019 18:39:45;17.9799995422363
01-09-2019 11:13:52;18.2000007629395
01-09-2019 13:17:26;18.4799995422363
01-09-2019 14:19:23;18.6800003051758
01-09-2019 15:19:14;18.4799995422363
01-09-2019 15:34:15;18.2600002288818
01-09-2019 15:41:11;18.5
01-09-2019 15:44:07;18.7000007629395
01-09-2019 22:19:38;18.9799995422363
01-10-2019 06:04:57;18.5599994659424
01-10-2019 07:04:47;18.7600002288818
01-10-2019 13:28:51;18.7600002288818
01-10-2019 15:49:14;18.9799995422363
01-10-2019 22:20:01;18.7399997711182
01-11-2019 06:28:41;18.7000007629395
01-11-2019 07:53:44;18.9200000762939
01-11-2019 08:02:05;18.5200004577637
01-11-2019 08:53:41;18.5
01-11-2019 09:08:48;19.1200008392334
01-11-2019 11:02:10;19.5400009155273
01-11-2019 11:57:12;19.7600002288818
01-11-2019 12:54:03;19.9799995422363
01-11-2019 14:34:08;20.1800003051758
01-11-2019 15:12:08;19.3400001525879
01-11-2019 16:24:57;20.3999996185303
01-11-2019 19:16:31;20.6000003814697
01-11-2019 22:36:40;20.8199996948242
01-12-2019 05:21:59;21.0200004577637
01-12-2019 11:38:25;21.2399997711182
01-12-2019 15:31:09;21.4599990844727
01-13-2019 14:04:58;21.6800003051758
01-14-2019 08:52:07;21.4799995422363
01-14-2019 16:46:22;21.6800003051758
01-14-2019 18:02:44;21.4400005340576
01-14-2019 18:11:00;21.7399997711182
01-15-2019 08:30:04;21.5200004577637
01-15-2019 13:07:47;21.7399997711182
01-15-2019 17:03:21;21.4599990844727
01-15-2019 17:40:11;21.7199993133545
01-16-2019 07:23:56;21.5
01-16-2019 17:02:47;21.2399997711182
01-16-2019 17:20:44;21.4400005340576
01-16-2019 18:02:26;21.1800003051758
01-16-2019 20:56:51;20.9799995422363
01-16-2019 22:46:55;20.7600002288818
01-17-2019 00:32:00;20.5599994659424
01-17-2019 05:09:02;19.9200000762939
01-17-2019 06:24:06;19.7199993133545
01-17-2019 07:07:04;20.3400001525879
01-17-2019 08:37:07;20.1399993896484
01-17-2019 15:02:08;19.9200000762939
01-17-2019 16:01:17;19.6399993896484
01-17-2019 16:27:15;19.8600006103516
01-17-2019 17:01:47;19.5799999237061
01-17-2019 17:20:40;19.7800006866455
01-17-2019 19:50:46;19.5599994659424
01-17-2019 22:48:35;19.3400001525879
01-18-2019 01:18:41;19.1399993896484
01-18-2019 03:53:47;18.9200000762939
01-18-2019 06:23:52;18.7199993133545
01-18-2019 13:43:27;18.6800003051758
01-18-2019 15:03:13;18.4599990844727
01-18-2019 15:13:26;18.9200000762939
01-18-2019 16:32:19;19.1200008392334
01-18-2019 17:20:49;19.3400001525879
01-18-2019 18:50:52;19.5400009155273
01-18-2019 20:40:56;19.7800006866455
01-18-2019 22:41:00;20
01-19-2019 02:41:09;20.2000007629395
01-19-2019 08:56:21;20.4200000762939
01-19-2019 11:17:50;20.6800003051758
01-19-2019 23:17:00;20.8999996185303
01-21-2019 08:55:19;21.1200008392334
01-21-2019 09:29:03;20.9200000762939
01-21-2019 11:30:39;21.1399993896484
01-21-2019 13:10:17;21.3999996185303
01-22-2019 11:16:43;21.6399993896484
01-22-2019 13:46:42;21.8600006103516
01-22-2019 15:47:16;22.0799999237061
01-22-2019 19:01:11;21.8799991607666
01-22-2019 22:46:19;21.6599998474121
01-23-2019 16:16:23;21.3600006103516
01-23-2019 16:51:24;21.1599998474121
01-23-2019 19:08:50;21.5799999237061
01-24-2019 07:29:40;21.3600006103516
01-24-2019 10:52:06;21.5799999237061
01-24-2019 12:00:46;21.7999992370605
01-24-2019 14:02:54;21.5799999237061
01-24-2019 14:15:08;21.7800006866455
01-24-2019 17:26:27;22
01-25-2019 06:02:05;22.1000003814697
01-25-2019 08:15:59;21.8999996185303
01-25-2019 17:03:14;21.6599998474121
01-25-2019 20:01:20;21.4599990844727
01-25-2019 21:21:23;21.2399997711182
01-25-2019 21:59:34;21.8600006103516
01-25-2019 22:51:26;21.0200004577637
01-26-2019 00:18:05;20.7600002288818
01-26-2019 01:52:47;20.5400009155273
01-26-2019 03:02:49;20.3400001525879
01-26-2019 04:27:52;20.1399993896484
01-26-2019 05:42:55;19.9200000762939
01-26-2019 06:52:58;19.7199993133545
01-26-2019 10:36:32;19.9599990844727
01-26-2019 12:57:23;20.1599998474121
01-26-2019 15:12:28;20.3600006103516
01-26-2019 17:01:28;20.1200008392334
01-26-2019 17:04:10;19.9200000762939
01-26-2019 17:18:57;20.1599998474121
01-26-2019 17:53:58;20.3600006103516
01-26-2019 19:49:02;20.1599998474121
01-26-2019 21:44:07;19.9400005340576
01-26-2019 23:54:12;19.7199993133545
01-29-2019 14:12:15;18.5
01-29-2019 15:07:17;18.7199993133545
01-29-2019 15:37:06;18.2800006866455
01-29-2019 16:25:06;18.9200000762939
01-29-2019 17:08:36;19.1200008392334
01-29-2019 19:40:04;19.3400001525879
01-29-2019 21:55:10;19.5400009155273
01-30-2019 01:30:18;19.7600002288818
01-30-2019 07:40:32;19.9799995422363
01-30-2019 09:12:42;19.7600002288818
01-30-2019 09:24:00;20.0400009155273
01-30-2019 12:46:08;20.4799995422363
01-30-2019 15:44:53;20.7000007629395
01-30-2019 15:51:04;20.2600002288818
01-30-2019 16:02:56;20.5
01-30-2019 17:06:58;20.7000007629395
01-30-2019 18:00:26;20.4799995422363
01-30-2019 20:46:17;20.2600002288818
01-31-2019 00:15:26;20.5200004577637
01-31-2019 06:11:12;20.1800003051758
01-31-2019 09:02:55;19.9200000762939
01-31-2019 09:21:26;20.3999996185303
01-31-2019 11:27:59;20.1399993896484
01-31-2019 13:00:22;19.6399993896484
01-31-2019 14:10:12;19.4200000762939
01-31-2019 14:28:04;19.6399993896484
01-31-2019 15:02:05;19.6399993896484
01-31-2019 15:07:47;19.8400001525879
01-31-2019 16:34:12;19.4200000762939
01-31-2019 16:48:07;19.6599998474121
01-31-2019 17:23:40;19.4400005340576
02-01-2019 04:34:13;19.0200004577637
02-01-2019 05:54:05;19.2399997711182
02-01-2019 07:10:44;18.7399997711182
02-01-2019 07:16:22;18.4400005340576
02-01-2019 11:13:57;18.9200000762939
02-01-2019 12:40:22;19.1200008392334
02-01-2019 14:03:35;19.3799991607666
02-01-2019 15:02:22;18.7199993133545
02-01-2019 16:18:20;19.1399993896484
02-01-2019 16:34:46;19.4200000762939
02-01-2019 22:44:30;19.2199993133545
02-02-2019 04:29:43;18.7999992370605
02-02-2019 07:14:38;19
02-02-2019 09:24:53;18.5799999237061
02-02-2019 11:34:58;18.7800006866455
02-03-2019 01:20:01;18.5799999237061
02-03-2019 07:40:14;18.3799991607666
02-03-2019 14:01:32;18.5799999237061
02-03-2019 17:06:39;18.7999992370605
02-04-2019 07:57:13;19
02-04-2019 09:07:16;19.2000007629395
02-04-2019 12:10:36;19.8600006103516
02-04-2019 13:10:39;20.0799999237061
02-04-2019 14:00:41;20.2999992370605
02-04-2019 15:10:34;20.5400009155273
02-04-2019 15:15:33;19.4599990844727
02-04-2019 15:50:35;20.7600002288818
02-04-2019 16:10:35;19.6599998474121
02-04-2019 16:39:20;21.0200004577637
02-04-2019 19:11:06;21.2399997711182
02-04-2019 21:06:51;21.4400005340576
02-05-2019 05:10:05;21.2399997711182
02-05-2019 06:56:17;21.1200008392334
02-05-2019 07:06:04;21.1000003814697
02-05-2019 11:08:38;21.1000003814697
02-05-2019 13:10:31;21.3199996948242
02-05-2019 14:53:15;20.8999996185303
02-05-2019 15:07:56;21.5200004577637
02-05-2019 16:12:57;21.7399997711182
02-05-2019 18:21:57;21.9799995422363
02-05-2019 23:25:56;21.7600002288818
02-06-2019 08:31:06;21.5599994659424
02-06-2019 13:21:26;21.7800006866455
02-06-2019 17:02:37;21.4799995422363
02-06-2019 17:13:04;21.2199993133545
02-06-2019 17:59:45;21.4799995422363
02-06-2019 20:46:48;21.2600002288818
02-06-2019 20:50:56;21.7199993133545
02-06-2019 23:05:47;20.9799995422363
02-21-2019 07:20:18;18.5599994659424
02-21-2019 08:31:36;18.8199996948242
02-21-2019 11:51:04;18.7600002288818
02-21-2019 15:47:56;18.9799995422363
02-21-2019 16:47:59;19.1800003051758
02-22-2019 05:17:00;18.9799995422363
02-22-2019 11:30:34;19.3400001525879
02-22-2019 14:00:43;19.5799999237061
02-22-2019 14:08:21;19.3799991607666
02-22-2019 15:03:23;19.5799999237061
02-22-2019 15:24:18;18.6000003814697
02-22-2019 15:37:29;18.8600006103516
02-22-2019 15:56:13;19.1000003814697
02-22-2019 16:20:47;19.8199996948242
02-23-2019 05:34:26;19.3999996185303
02-23-2019 07:54:33;19.1599998474121
02-23-2019 07:59:17;18.9599990844727
02-23-2019 08:10:30;19.6000003814697
02-23-2019 09:07:29;19.2399997711182
02-23-2019 10:49:45;19.2800006866455
02-23-2019 11:22:45;19.5
02-23-2019 14:32:51;19.7000007629395
02-23-2019 15:30:02;19
02-23-2019 23:36:37;19.4799995422363
02-24-2019 06:20:49;19.2600002288818
02-24-2019 19:31:33;19.4799995422363
02-24-2019 22:14:31;19.2199993133545
02-25-2019 09:26:28;19.5
02-25-2019 10:29:25;19.8600006103516
02-25-2019 10:45:52;19.8600006103516
02-25-2019 13:57:47;20.0799999237061
02-25-2019 15:07:43;19.7399997711182
02-25-2019 19:15:46;19.8600006103516
02-26-2019 01:22:04;19.6599998474121
02-26-2019 04:07:10;19.4599990844727
02-26-2019 12:00:36;19.6599998474121
02-26-2019 15:36:33;19.8600006103516
02-26-2019 17:24:33;20.1000003814697
02-26-2019 17:50:10;19.8999996185303
02-26-2019 20:16:17;19.6800003051758
02-27-2019 00:06:26;19.4799995422363
02-27-2019 03:05:52;19.2600002288818
02-27-2019 05:59:43;19.0599994659424
02-27-2019 15:54:34;18.8400001525879
02-27-2019 18:34:08;18.6399993896484
02-27-2019 20:07:34;18.3999996185303
02-27-2019 22:27:39;18.1800003051758
02-28-2019 00:17:43;17.9599990844727
02-28-2019 01:42:46;17.7399997711182
02-28-2019 03:27:00;17.5200004577637
02-28-2019 05:07:04;17.3199996948242
02-28-2019 06:52:08;17.1000003814697
02-28-2019 07:23:32;16.8999996185303
02-28-2019 07:30:46;16.6000003814697
02-28-2019 09:20:04;16.8600006103516
02-28-2019 10:38:35;16.8199996948242
02-28-2019 11:10:56;16.6000003814697
02-28-2019 11:55:30;16.8199996948242
02-28-2019 13:14:32;17.0400009155273
02-28-2019 14:22:00;17.2999992370605
02-28-2019 15:08:34;17.0799999237061
02-28-2019 15:11:54;17.2800006866455
02-28-2019 15:24:10;17.5
02-28-2019 16:09:11;17.7199993133545
02-28-2019 16:30:52;17.9200000762939
02-28-2019 19:31:14;18.1399993896484
02-28-2019 23:05:16;17.9200000762939
02-28-2019 23:49:52;17.7199993133545
02-28-2019 23:57:12;17.9200000762939
03-01-2019 01:37:14;17.7000007629395
03-01-2019 03:17:17;17.5
03-01-2019 04:28:37;17.2399997711182
03-01-2019 05:50:23;17.0200004577637
03-01-2019 08:26:08;16.7999992370605
03-01-2019 13:28:56;17.0400009155273
03-01-2019 15:47:11;17.2800006866455
03-01-2019 17:04:58;17.5
03-01-2019 17:08:57;17.7000007629395
03-01-2019 17:13:22;18
03-01-2019 17:25:14;18.2399997711182
03-01-2019 17:34:25;18.4400005340576
03-01-2019 17:52:49;18.7199993133545
03-01-2019 18:06:31;18.9400005340576
03-01-2019 18:30:25;19.1599998474121
03-01-2019 18:52:26;19.3799991607666
03-01-2019 19:17:27;19.6000003814697
03-01-2019 19:52:28;19.8400001525879
03-01-2019 20:22:29;20.0599994659424
03-01-2019 20:59:24;20.2800006866455
03-01-2019 22:04:27;20.5
03-01-2019 22:59:29;20.7199993133545
03-01-2019 23:59:31;20.9200000762939
03-02-2019 01:10:32;21.2000007629395
03-02-2019 03:09:01;21.4200000762939
03-02-2019 04:44:05;21.6399993896484
03-02-2019 06:19:10;21.8400001525879
03-02-2019 08:09:14;22.0400009155273
03-02-2019 09:49:19;22.2600002288818
03-02-2019 11:34:23;22.5
03-02-2019 12:49:27;22.7000007629395
03-02-2019 14:19:31;22.9200000762939
03-02-2019 16:19:37;23.1200008392334
03-02-2019 19:19:45;23.3400001525879
03-02-2019 23:09:55;23.5400009155273
03-03-2019 03:44:34;23.7600002288818
03-03-2019 07:49:44;24
03-03-2019 09:14:47;24.2000007629395
03-03-2019 10:24:50;24.4200000762939
03-03-2019 11:06:56;24.6800003051758
03-03-2019 12:42:00;24.8999996185303
03-03-2019 13:09:53;24.6000003814697
03-03-2019 13:24:14;24.3999996185303
03-03-2019 13:54:15;24.1800003051758
03-03-2019 15:14:19;23.9799995422363
03-03-2019 17:18:22;23.7199993133545
03-04-2019 00:13:29;23.5
03-04-2019 06:28:44;23.2999992370605
03-04-2019 11:56:20;23.5200004577637
03-04-2019 14:28:49;23.7999992370605
03-04-2019 14:36:09;24.0200004577637
03-04-2019 14:48:52;24.2800006866455
03-04-2019 15:04:55;24.5200004577637
03-04-2019 15:29:56;24.7399997711182
03-04-2019 15:47:26;24.9799995422363
03-04-2019 16:00:08;25.1800003051758
03-04-2019 16:09:47;25.4799995422363
03-04-2019 16:23:32;25.6800003051758
03-04-2019 17:53:19;25.9400005340576
03-04-2019 18:44:49;26.2399997711182
03-04-2019 19:45:07;26.4599990844727
03-04-2019 20:04:53;26.2000007629395
03-14-2019 17:52:38;24.3600006103516
03-14-2019 21:30:57;24.1200008392334
03-14-2019 21:35:04;24.1200008392334
03-14-2019 22:10:37;23.8999996185303
03-14-2019 22:25:03;23.6399993896484
03-14-2019 22:35:58;23.3600006103516
03-14-2019 22:55:22;23.1399993896484
03-14-2019 23:18:43;22.8400001525879
03-14-2019 23:47:02;22.5799999237061
03-15-2019 00:10:33;22.3600006103516
03-15-2019 00:38:36;22.1599998474121
03-15-2019 01:04:00;21.9400005340576
03-15-2019 01:12:17;21.7399997711182
03-15-2019 01:48:50;21.4599990844727
03-15-2019 06:35:07;21.4599990844727
03-15-2019 08:07:32;21.7000007629395
03-15-2019 09:39:34;21.7199993133545
03-15-2019 09:58:32;21.9400005340576
03-15-2019 10:32:24;22.2000007629395
03-15-2019 10:58:05;21.9599990844727
03-15-2019 11:06:09;22.1800003051758
03-15-2019 11:07:43;21.9799995422363
03-15-2019 11:14:43;21.6800003051758
03-15-2019 11:25:40;21.4599990844727
03-15-2019 11:40:58;21.6599998474121
03-15-2019 11:51:34;21.8600006103516
03-15-2019 11:54:32;21.6599998474121
03-15-2019 11:58:25;21.8600006103516
03-15-2019 12:05:27;21.6599998474121
03-15-2019 13:11:57;21.6399993896484
03-15-2019 13:31:06;21.8600006103516
03-15-2019 13:37:46;21.6599998474121
03-15-2019 13:55:04;21.8600006103516
03-15-2019 13:57:14;21.6599998474121
03-15-2019 13:58:42;21.4599990844727
03-15-2019 14:06:09;21.6599998474121
03-15-2019 14:09:27;21.4599990844727
03-15-2019 14:14:33;21.7000007629395
03-15-2019 14:17:39;21.5
03-15-2019 14:19:39;21.2999992370605
03-15-2019 14:27:07;21.5799999237061
03-15-2019 14:30:01;21.3799991607666
03-15-2019 14:32:20;21.6399993896484
03-15-2019 14:45:46;21.8400001525879
03-15-2019 15:27:11;21.6200008392334
03-15-2019 15:53:06;21.9200000762939
03-15-2019 15:58:10;21.7199993133545
03-15-2019 17:13:57;21.9599990844727
03-15-2019 17:19:39;22.1599998474121
03-15-2019 17:27:05;22.3600006103516
03-15-2019 17:27:26;21.4200000762939
03-15-2019 17:35:28;21.6200008392334
03-15-2019 17:42:49;22.6000003814697
03-15-2019 17:51:46;22.8999996185303
03-15-2019 18:03:36;23.1200008392334
03-15-2019 18:06:19;21.8400001525879
03-15-2019 18:08:20;22.9200000762939
03-15-2019 18:12:24;22.7199993133545
03-15-2019 18:24:11;22.4599990844727
03-15-2019 18:47:10;22.1800003051758
03-15-2019 19:52:12;21.9799995422363
03-15-2019 22:39:57;21.7600002288818
03-16-2019 00:30:01;21.5400009155273
03-16-2019 01:40:03;21.3400001525879
03-16-2019 04:33:22;20.8799991607666
03-16-2019 05:54:51;20.6000003814697
03-16-2019 07:29:35;20.3999996185303
03-16-2019 08:24:04;21.1399993896484
03-16-2019 09:29:39;20.1599998474121
03-16-2019 09:48:09;19.8999996185303
03-16-2019 11:04:19;19.6599998474121
03-16-2019 11:58:23;19.4400005340576
03-16-2019 13:03:33;19.4400005340576
03-16-2019 13:11:41;19.1800003051758
03-16-2019 13:25:56;19.4400005340576
03-16-2019 14:23:06;19.1599998474121
03-16-2019 14:31:54;19.3600006103516
03-16-2019 14:43:13;19.6599998474121
03-16-2019 14:54:49;19.9200000762939
03-16-2019 15:24:12;20.1200008392334
03-16-2019 15:59:13;20.3400001525879
03-16-2019 16:24:12;20.5599994659424
03-16-2019 16:55:23;20.7600002288818
03-16-2019 17:33:00;19.6599998474121
03-16-2019 17:35:25;20.9799995422363
03-16-2019 20:35:32;21.1800003051758
03-17-2019 01:30:42;20.9799995422363
03-17-2019 04:15:48;20.7600002288818
03-17-2019 06:25:52;20.5599994659424
03-17-2019 15:23:18;20.9799995422363
03-17-2019 16:08:02;21.2199993133545
03-17-2019 16:22:00;21.4400005340576
03-17-2019 16:40:17;21.7000007629395
03-17-2019 16:53:49;21.9400005340576
03-17-2019 17:07:53;22.1599998474121
03-17-2019 17:28:12;20.7600002288818
03-17-2019 17:47:19;22.3600006103516
03-17-2019 18:47:21;22.5799999237061
03-17-2019 19:54:04;22.3600006103516
03-17-2019 20:20:23;22.1399993896484
03-17-2019 21:00:24;21.9200000762939
03-17-2019 22:05:26;21.7199993133545
03-17-2019 23:29:33;21.5
03-18-2019 00:59:37;21.2999992370605
03-18-2019 02:40:07;21.0400009155273
03-18-2019 04:05:10;20.8400001525879
03-18-2019 05:45:14;20.6399993896484
03-18-2019 07:32:37;20.4200000762939
03-18-2019 09:37:41;20.6200008392334
03-18-2019 21:05:30;20.8400001525879
03-18-2019 22:18:48;21.0599994659424
03-19-2019 01:26:17;20.6399993896484
03-19-2019 03:06:21;20.4200000762939
03-19-2019 04:51:24;20.2199993133545
03-19-2019 06:46:28;20
03-19-2019 11:44:29;20.2000007629395
03-19-2019 13:56:34;20.6599998474121
03-19-2019 14:36:57;20.8799991607666
03-19-2019 15:48:43;21.0799999237061
03-19-2019 16:16:54;21.2999992370605
03-19-2019 17:36:57;21.5
03-19-2019 17:51:55;20.4599990844727
03-19-2019 21:11:53;21.2800006866455
03-19-2019 22:16:55;21.0599994659424
03-19-2019 23:46:58;20.8199996948242
03-20-2019 01:17:01;20.6000003814697
03-20-2019 04:47:07;20.1800003051758
03-20-2019 06:17:09;19.9599990844727
03-20-2019 07:47:03;20.3999996185303
03-20-2019 15:05:49;20.3999996185303
